member_id,name,gender,birthdate,member_since
1,Lyman,M,11/8/1963,1/1/2022
2,Fon,F,2/24/1974,1/1/2022
3,Eugene,M,2/2/1981,1/2/2022
4,Buzz,M,3/6/2004,1/2/2022
5,Win,M,6/4/1976,1/2/2022
6,Fang,M,8/27/2005,1/2/2022
7,Benjamin,M,3/16/1961,1/2/2022
8,Tanya,F,2/26/1980,1/2/2022
9,Jacques,M,6/3/1976,1/3/2022
10,Mook,F,2/21/1968,1/3/2022
11,Pierce,M,4/6/1996,1/3/2022
12,Bud,M,8/26/1984,1/5/2022
13,Kanya,F,12/22/2002,1/7/2022
14,Gam,F,2/24/1974,1/7/2022
15,Paula,F,7/14/1971,1/8/2022
16,Mon,M,2/5/1980,1/9/2022
17,Derwin,M,12/3/2002,1/9/2022
18,Ricky,M,4/14/1968,1/9/2022
19,Mint,F,9/4/1991,1/11/2022
20,WartJr,M,1/4/1981,1/11/2022
21,Namfon,F,3/11/1976,1/11/2022
22,Fifa,F,12/15/1970,1/13/2022
23,Hopper,M,3/23/1994,1/14/2022
24,Milk,F,12/1/1977,1/14/2022
25,Khim,F,1/20/1994,1/15/2022
26,Barold,M,9/2/1996,1/15/2022
27,Simon,M,1/31/1987,1/15/2022
28,Rasher,M,10/13/1983,1/15/2022
29,Chin,M,7/26/1983,1/16/2022
30,Rooney,M,11/29/1968,1/16/2022
31,Rizzo,M,4/15/1988,1/16/2022
32,Big,M,11/4/1986,1/17/2022
33,Weber,M,1/28/1968,1/17/2022
34,Lek,M,5/13/2005,1/18/2022
35,Penelope,F,8/20/1991,1/18/2022
36,Mook,F,7/23/2001,1/19/2022
37,Ruby,F,12/30/1989,1/19/2022
38,Art,M,7/14/1970,1/19/2022
39,Muffy,F,4/26/1999,1/19/2022
40,Ricky,M,8/31/1976,1/20/2022
41,Phil,M,5/29/1979,1/20/2022
42,Dom,M,6/8/2001,1/21/2022
43,Aoy,F,11/5/1962,1/21/2022
44,Ice,F,8/10/1972,1/22/2022
45,Big,M,12/8/1983,1/22/2022
46,Non,M,11/17/2007,1/23/2022
47,Air,F,2/19/1972,1/23/2022
48,Maddie,F,11/25/2002,1/24/2022
49,James,M,4/26/1991,1/24/2022
50,Rasher,M,4/28/2007,1/24/2022
51,New,M,12/22/1985,1/24/2022
52,Huck,M,4/10/1989,1/26/2022
53,Janie,F,3/14/1974,1/26/2022
54,Rada,F,5/6/1995,1/27/2022
55,Bubbles,F,2/9/1972,1/28/2022
56,Pam,F,10/21/2000,1/29/2022
57,Zin,F,10/9/1978,1/30/2022
58,Chevre,F,2/18/1972,1/30/2022
59,View,F,5/29/1969,1/30/2022
60,Chester,M,10/5/1983,1/31/2022
61,Tex,M,10/20/1984,2/1/2022
62,Pla,F,11/7/1965,2/1/2022
63,Gabi,F,1/16/2007,2/1/2022
64,Nate,M,3/2/1971,2/1/2022
65,Dotty,F,9/29/1980,2/2/2022
66,Becky,F,8/3/1989,2/2/2022
67,Flip,M,9/28/1972,2/2/2022
68,Samson,M,8/19/2002,2/3/2022
69,Flora,F,10/10/2002,2/3/2022
70,Pop,F,4/28/1976,2/4/2022
71,Hopkins,M,3/1/1975,2/4/2022
72,Roscoe,M,11/1/1988,2/5/2022
73,Nan,F,1/1/1978,2/6/2022
74,YingYing,F,1/7/1978,2/6/2022
75,Jame,M,12/6/1966,2/7/2022
76,Ging,F,4/18/2003,2/7/2022
77,FahSai,F,1/21/1992,2/7/2022
78,Namwan,F,4/28/1997,2/9/2022
79,Henry,M,6/18/1981,2/9/2022
80,Bruce,M,9/17/1970,2/10/2022
81,Plucky,F,11/14/1998,2/10/2022
82,Stella,F,4/6/1969,2/11/2022
83,Eloise,F,2/8/2004,2/12/2022
84,Paew,F,10/20/1994,2/13/2022
85,Pompom,F,11/12/1965,2/14/2022
86,Mix,M,2/12/1980,2/15/2022
87,Ketchup,F,5/19/1992,2/16/2022
88,T-Bone,M,11/28/2006,2/16/2022
89,Moe,M,8/10/1980,2/18/2022
90,Papi,M,1/27/1962,2/19/2022
91,Spork,M,10/26/2006,2/19/2022
92,Frita,F,9/24/1960,2/19/2022
93,Lynn,F,11/19/2006,2/19/2022
94,Sai,F,12/5/1991,2/19/2022
95,Paolo,M,11/3/1969,2/19/2022
96,Ping,M,1/4/1980,2/20/2022
97,Earth,M,9/13/2008,2/21/2022
98,Wi,F,10/15/1969,2/21/2022
99,Mook,F,11/11/2004,2/22/2022
100,Ava,F,3/27/1992,2/22/2022
101,Shep,M,3/27/1989,2/22/2022
102,Mac,M,9/19/1998,2/22/2022
103,Rocket,F,7/30/1960,2/22/2022
104,Dom,M,9/7/1976,2/23/2022
105,Nim,F,3/8/1979,2/23/2022
106,Goldie,F,6/6/1983,2/24/2022
107,Ice,F,12/13/2003,2/24/2022
108,Lolly,F,7/17/1991,2/25/2022
109,Nui,F,8/12/1962,2/26/2022
110,Reneigh,F,5/1/1962,2/26/2022
111,Timbra,F,10/8/1998,2/26/2022
112,Aun,F,2/10/1988,2/26/2022
113,Hippeux,M,6/24/1994,2/26/2022
114,Champ,M,3/2/2008,2/26/2022
115,Kluay,F,4/23/2006,3/1/2022
116,Lolly,F,6/13/1968,3/1/2022
117,Bee,F,6/28/1991,3/1/2022
118,Monique,F,6/11/1975,3/1/2022
119,Rod,M,7/3/1971,3/2/2022
120,Ava,F,3/5/1985,3/2/2022
121,Janjira,F,3/29/2001,3/2/2022
122,Claudia,F,12/11/1991,3/2/2022
123,Khim,F,11/17/1992,3/3/2022
124,Boy,M,9/8/1986,3/3/2022
125,Lita,F,10/13/1962,3/3/2022
126,Kan,F,3/3/1983,3/3/2022
127,Sly,M,3/24/1969,3/5/2022
128,Khing,F,10/15/1994,3/5/2022
129,Chin,M,1/24/2005,3/6/2022
130,Kiki,F,5/15/1982,3/6/2022
131,Deirdre,F,10/24/1970,3/7/2022
132,Fandy,F,12/23/1989,3/9/2022
133,Peem,F,9/26/1992,3/10/2022
134,Bluebear,F,10/16/1979,3/10/2022
135,Tanya,F,2/23/1965,3/11/2022
136,Maprang,F,1/25/1982,3/11/2022
137,Deirdre,F,9/18/1977,3/12/2022
138,Anicotti,F,3/5/1976,3/12/2022
139,Nam,F,5/7/1996,3/13/2022
140,Gloria,F,4/21/2005,3/13/2022
141,Pippy,F,7/17/1977,3/13/2022
142,Bunnie,F,3/30/1960,3/13/2022
143,Dear,M,11/30/1968,3/14/2022
144,Cole,M,11/16/1963,3/14/2022
145,Bao,F,3/29/2000,3/14/2022
146,Win,F,2/13/1994,3/14/2022
147,Cesar,M,5/15/1992,3/15/2022
148,Kitty,F,1/8/2001,3/15/2022
149,Goose,M,8/12/1973,3/15/2022
150,Egbert,M,12/27/2005,3/16/2022
151,Daisy,F,1/16/2006,3/16/2022
152,Joey,M,4/10/1966,3/16/2022
153,Tip,F,4/17/1978,3/17/2022
154,Pop,M,11/5/2008,3/18/2022
155,Monty,M,2/7/2003,3/18/2022
156,Joe,M,10/18/2004,3/18/2022
157,Goose,M,4/14/1961,3/19/2022
158,Fai,F,8/23/1961,3/20/2022
159,Patty,F,11/3/1971,3/20/2022
160,Klaus,M,9/19/1960,3/20/2022
161,Kae,F,5/8/2004,3/20/2022
162,Duen,F,8/19/1992,3/20/2022
163,Rin,F,6/22/1991,3/21/2022
164,Gwen,F,11/9/1963,3/22/2022
165,Flip,M,5/18/1986,3/23/2022
166,Kanya,F,9/16/2005,3/23/2022
167,Kitt,F,12/22/1993,3/23/2022
168,Melba,F,6/25/1995,3/24/2022
169,BamBam,F,10/24/1983,3/24/2022
170,Tangy,F,11/5/1972,3/24/2022
171,YingYing,F,3/25/2006,3/24/2022
172,Dizzy,M,8/23/1983,3/25/2022
173,Tammi,F,11/30/1970,3/25/2022
174,Anabelle,F,7/27/2007,3/25/2022
175,Diva,F,5/15/2000,3/26/2022
176,Walt,M,7/13/1999,3/26/2022
177,Naomi,F,2/7/1992,3/27/2022
178,Sylvana,F,5/14/1989,3/27/2022
179,Mint,F,9/16/1962,3/27/2022
180,Raddle,M,12/8/1966,3/27/2022
181,Vesta,F,1/3/1967,3/27/2022
182,Pan,F,11/14/2001,3/28/2022
183,Louie,M,11/6/2006,3/28/2022
184,Alli,F,11/7/1969,3/28/2022
185,Caroline,F,9/24/1972,3/28/2022
186,Gubgib,F,3/22/2001,3/29/2022
187,Chrissy,F,8/31/1983,3/30/2022
188,Nan,F,9/13/1973,3/30/2022
189,Ploykaew,F,6/20/2005,3/31/2022
190,Marshal,M,8/15/1974,3/31/2022
191,Rory,M,2/3/1991,3/31/2022
192,Lolly,F,4/3/1983,4/1/2022
193,Goy,F,4/9/1986,4/2/2022
194,Curly,M,12/6/1989,4/2/2022
195,Pannee,F,11/11/1973,4/2/2022
196,Cobb,M,7/29/1979,4/2/2022
197,Pat,M,2/17/1968,4/3/2022
198,Namwan,F,8/25/1978,4/4/2022
199,Stitches,M,10/19/1999,4/5/2022
200,Butch,M,1/18/1975,4/5/2022
201,Samson,M,4/22/2001,4/5/2022
202,Moe,M,11/28/1965,4/5/2022
203,Ricky,M,11/9/2003,4/5/2022
204,Gin,F,3/19/1964,4/6/2022
205,Pate,F,4/20/1969,4/6/2022
206,Mallary,F,6/1/1984,4/6/2022
207,Colton,M,10/22/1967,4/7/2022
208,Eunice,F,9/28/1980,4/8/2022
209,Mook,F,5/24/1985,4/8/2022
210,Friga,F,9/4/1961,4/8/2022
211,Pam,F,1/25/1986,4/9/2022
212,Henry,M,10/6/1989,4/10/2022
213,Gam,F,11/18/2000,4/10/2022
214,Fah,F,9/7/1976,4/11/2022
215,Grace,F,9/11/1978,4/11/2022
216,Miranda,F,2/5/1966,4/11/2022
217,Bob,M,11/27/1991,4/12/2022
218,Bones,M,1/12/1997,4/13/2022
219,Mali,F,9/14/1962,4/13/2022
220,Paew,F,7/18/1976,4/13/2022
221,Moss,M,9/12/1987,4/14/2022
222,Barold,M,6/5/1987,4/14/2022
223,Pop,M,11/28/1976,4/14/2022
224,Hornsby,M,4/23/1993,4/16/2022
225,NamTan,F,6/12/1994,4/16/2022
226,Rodeo,M,3/16/1969,4/17/2022
227,Bonus,F,6/27/1960,4/18/2022
228,Tangy,F,7/25/1973,4/18/2022
229,Chompoo,F,5/11/1993,4/19/2022
230,Belle,F,3/23/1988,4/20/2022
231,Stella,F,4/20/1969,4/20/2022
232,Milk,F,12/12/1978,4/21/2022
233,Poppy,F,10/24/2001,4/21/2022
234,Pom,F,1/3/2000,4/22/2022
235,Rolf,M,12/16/1986,4/22/2022
236,Chadder,M,5/14/2005,4/24/2022
237,Eloise,F,12/26/1995,4/24/2022
238,Kanya,F,8/28/1993,4/24/2022
239,Sly,M,5/23/1969,4/24/2022
240,Marcel,M,11/23/2006,4/25/2022
241,Rizzo,M,10/16/1963,4/25/2022
242,Lucha,M,10/9/1981,4/25/2022
243,Chester,M,11/29/1960,4/26/2022
244,Gam,F,1/13/1977,4/26/2022
245,Lucy,F,8/2/1989,4/26/2022
246,Sal,F,3/5/1983,4/27/2022
247,Ohm,M,8/1/1965,4/28/2022
248,Fai,F,7/22/1976,4/28/2022
249,Friga,F,1/31/1969,4/29/2022
250,Hugh,M,4/15/1994,4/29/2022
251,Kat,F,3/20/1969,4/30/2022
252,Aun,F,2/16/1961,4/30/2022
253,Prae,F,3/22/1964,4/30/2022
254,Aor,F,10/18/1961,5/1/2022
255,Cousteau,M,12/22/1977,5/2/2022
256,Pannee,F,4/30/1971,5/2/2022
257,Boom,F,4/19/1969,5/3/2022
258,Tiffany,F,4/26/1974,5/4/2022
259,Mallary,F,3/22/1965,5/4/2022
260,Bubbles,F,2/9/1963,5/6/2022
261,Punchy,M,11/11/2000,5/6/2022
262,Jinnie,F,7/12/1964,5/6/2022
263,Avery,M,3/1/2005,5/7/2022
264,Cake,F,10/19/1970,5/7/2022
265,Bibi,F,4/23/1990,5/7/2022
266,Octavian,M,6/7/1981,5/7/2022
267,Nim,F,11/13/1986,5/7/2022
268,Jinnie,F,8/14/1979,5/8/2022
269,Peem,F,8/5/1988,5/8/2022
270,Pla,F,10/8/2006,5/8/2022
271,Truffles,F,11/27/2002,5/9/2022
272,Jack,M,9/25/1975,5/9/2022
273,Poppy,F,3/10/1990,5/10/2022
274,Punchy,M,1/3/1979,5/10/2022
275,Fauna,F,6/28/1974,5/10/2022
276,Beardo,M,6/5/2003,5/10/2022
277,Wendy,F,4/18/1977,5/10/2022
278,Kody,M,8/2/1988,5/11/2022
279,Lynn,F,10/1/1974,5/11/2022
280,Aun,M,3/20/1999,5/11/2022
281,Boyd,M,2/26/1966,5/11/2022
282,Namfon,F,2/7/1977,5/11/2022
283,Antonio,M,4/24/2003,5/12/2022
284,Grace,F,1/26/1972,5/13/2022
285,Violet,F,2/23/2001,5/13/2022
286,Hopkins,M,1/4/1976,5/15/2022
287,Biskit,M,11/16/1986,5/16/2022
288,Peak,M,2/24/2007,5/16/2022
289,Kao,M,8/10/1984,5/17/2022
290,Renรฉe,F,12/4/1998,5/17/2022
291,Groucho,M,8/16/1966,5/17/2022
292,Jame,M,1/20/1993,5/17/2022
293,Kiki,F,4/4/1983,5/18/2022
294,Pop,F,6/1/1999,5/18/2022
295,Fah,F,5/3/2002,5/18/2022
296,Pop,F,6/12/2007,5/19/2022
297,Kaew,F,3/30/2000,5/19/2022
298,Vee,F,11/7/1972,5/19/2022
299,Jayda,F,12/13/1981,5/20/2022
300,Na,F,5/26/1991,5/20/2022
301,Tee,F,9/1/1968,5/20/2022
302,Admiral,M,5/3/1990,5/21/2022
303,Pimdao,F,8/8/1968,5/21/2022
304,Renรฉe,F,3/2/1987,5/22/2022
305,Reneigh,F,1/10/1978,5/22/2022
306,Rod,M,8/13/1979,5/22/2022
307,Ton,M,7/20/1991,5/22/2022
308,Julian,M,5/29/1979,5/22/2022
309,Deena,F,5/20/1991,5/23/2022
310,Jacob,M,2/26/1974,5/24/2022
311,View,F,2/27/1970,5/24/2022
312,Milk,F,6/21/1992,5/25/2022
313,Rhonda,F,6/13/1963,5/25/2022
314,Becky,F,2/8/1973,5/26/2022
315,Shari,F,1/18/1965,5/26/2022
316,Bam,F,11/8/1960,5/26/2022
317,Bones,M,2/20/1984,5/27/2022
318,Joy,F,7/31/1974,5/27/2022
319,Peggy,F,11/25/1987,5/27/2022
320,Walt,M,11/17/2001,5/28/2022
321,Biff,M,4/11/1981,5/28/2022
322,Claudia,F,4/25/1997,5/29/2022
323,Luktarn,F,10/31/1998,5/29/2022
324,Patty,F,11/7/2000,5/29/2022
325,Sheldon,M,6/14/1992,5/30/2022
326,Dom,M,8/30/1987,5/30/2022
327,Kaew,F,1/27/2002,5/31/2022
328,Jay,M,3/24/1981,5/31/2022
329,Joe,M,6/16/1996,5/31/2022
330,Nok,F,7/26/1962,5/31/2022
331,Khing,F,8/7/2005,6/1/2022
332,Poy,F,1/29/1974,6/1/2022
333,Peck,M,4/5/1994,6/1/2022
334,Snake,M,9/23/1972,6/1/2022
335,Deli,M,10/13/1969,6/2/2022
336,Jambette,F,11/13/1982,6/2/2022
337,Fang,M,9/9/1982,6/2/2022
338,Aim,F,12/8/2007,6/2/2022
339,Cole,M,4/24/1971,6/4/2022
340,Louie,M,8/19/1987,6/4/2022
341,Ton,M,4/25/2001,6/4/2022
342,Jaa,F,11/20/2004,6/5/2022
343,Lalisa,F,12/18/2003,6/5/2022
344,Ple,F,4/20/1985,6/5/2022
345,Antonio,M,5/3/1976,6/6/2022
346,Chief,M,7/29/1971,6/6/2022
347,Apple,F,9/3/1977,6/7/2022
348,Bunnie,F,9/18/1977,6/7/2022
349,Bibi,F,6/25/1963,6/7/2022
350,Mathilda,F,2/24/1980,6/8/2022
351,Snake,M,11/22/1991,6/8/2022
352,Ploykaew,F,12/22/2002,6/8/2022
353,Tip,F,1/1/1995,6/9/2022
354,Wolfgang,M,2/14/2005,6/10/2022
355,Erik,M,5/20/1963,6/10/2022
356,Bettina,F,12/6/1974,6/12/2022
357,Blanche,F,6/1/1964,6/12/2022
358,Mallary,F,4/26/1990,6/12/2022
359,Deirdre,F,12/15/1996,6/12/2022
360,Peggy,F,6/29/1995,6/13/2022
361,Katt,F,12/22/1962,6/13/2022
362,Sprinkle,F,4/25/1989,6/13/2022
363,Bunnie,F,4/23/1963,6/14/2022
364,May,F,8/24/1966,6/14/2022
365,Kitty,F,7/6/1976,6/15/2022
366,Som-o,F,12/26/1996,6/16/2022
367,Filbert,M,4/17/2003,6/18/2022
368,Sylvia,F,7/17/1964,6/18/2022
369,Janie,F,7/29/1965,6/19/2022
370,Rosie,F,6/10/1992,6/19/2022
371,Tarn,F,11/27/2008,6/19/2022
372,Violet,F,12/22/2002,6/19/2022
373,Zucker,M,12/14/2005,6/20/2022
374,Neng,M,7/20/2005,6/21/2022
375,Boone,M,5/19/1992,6/21/2022
376,Apple,F,9/20/1974,6/21/2022
377,Fandy,F,4/25/1987,6/21/2022
378,Tarn,M,3/20/2007,6/22/2022
379,Zee,M,8/19/1967,6/22/2022
380,Krit,M,6/10/1974,6/22/2022
381,Som,F,4/17/2008,6/22/2022
382,Honeybee,F,12/29/1963,6/23/2022
383,Plucky,F,9/23/1968,6/24/2022
384,Katty,F,4/1/1981,6/24/2022
385,O'Hare,M,9/14/1995,6/24/2022
386,Keaton,M,6/26/2002,6/25/2022
387,Cranston,M,10/31/1991,6/27/2022
388,Wolfgang,M,1/7/1985,6/27/2022
389,Cartoon,F,6/24/1980,6/27/2022
390,Ping,F,1/13/1998,6/27/2022
391,May,F,3/15/1974,6/28/2022
392,Boomer,M,7/24/1972,6/28/2022
393,Kyle,M,8/13/1988,6/28/2022
394,Lita,F,6/6/2000,6/29/2022
395,Anicotti,F,10/5/1994,7/1/2022
396,Zung,F,3/4/2006,7/1/2022
397,Filbert,M,9/25/1960,7/1/2022
398,Fifa,F,6/18/1980,7/2/2022
399,Henry,M,8/24/1983,7/3/2022
400,Na,F,7/23/1974,7/3/2022
401,Maysa,F,6/28/1962,7/4/2022
402,Nana,F,6/18/1977,7/4/2022
403,Vee,F,6/10/1986,7/4/2022
404,Leopold,M,11/23/1966,7/4/2022
405,Annalisa,F,4/7/1997,7/7/2022
406,Elvis,M,1/27/1988,7/7/2022
407,Narumon,F,8/25/1974,7/8/2022
408,Ammy,F,7/9/1987,7/8/2022
409,Flora,F,12/26/1960,7/8/2022
410,Bettina,F,12/17/1975,7/8/2022
411,Alli,F,1/12/1965,7/8/2022
412,Chrissy,F,11/8/2004,7/10/2022
413,Greta,F,1/24/2001,7/10/2022
414,Cally,F,2/21/1967,7/11/2022
415,Clay,M,9/7/1989,7/11/2022
416,Pompom,F,7/26/1998,7/11/2022
417,BamBam,F,6/21/1980,7/12/2022
418,Rin,F,10/11/2007,7/12/2022
419,Rizzo,M,8/24/1981,7/12/2022
420,BuaLoy,F,12/23/2007,7/13/2022
421,Kao,M,12/28/1993,7/13/2022
422,Benedict,M,12/27/1979,7/14/2022
423,Joey,M,4/17/1990,7/14/2022
424,Jibby,F,1/8/1991,7/15/2022
425,Peck,M,7/26/1969,7/15/2022
426,Deirdre,F,10/20/2000,7/15/2022
427,Francine,F,10/3/1966,7/16/2022
428,Colton,M,6/18/1970,7/16/2022
429,Gingkaew,F,3/3/1966,7/16/2022
430,Kae,F,5/7/2005,7/16/2022
431,Jibby,F,11/26/1970,7/16/2022
432,Barold,M,2/17/1997,7/17/2022
433,June,F,1/21/2005,7/18/2022
434,Deirdre,F,9/25/1963,7/19/2022
435,Poncho,M,10/24/1979,7/19/2022
436,Neng,M,4/10/1987,7/20/2022
437,Nok,F,8/5/1977,7/20/2022
438,Ua,F,5/14/1997,7/20/2022
439,Bee,F,8/31/1964,7/20/2022
440,Teddy,M,10/25/1982,7/20/2022
441,Jacob,M,2/20/2001,7/21/2022
442,Duen,F,4/5/1985,7/21/2022
443,Ta,F,4/2/2000,7/21/2022
444,Win,M,8/27/1974,7/22/2022
445,Zee,M,10/14/1977,7/22/2022
446,Rada,F,9/22/1968,7/22/2022
447,Anicotti,F,11/14/2001,7/22/2022
448,Olaf,M,3/27/1983,7/22/2022
449,Note,M,11/29/1989,7/23/2022
450,Gala,F,10/14/1987,7/23/2022
451,Khing,F,9/8/1997,7/24/2022
452,Hazel,F,4/13/1962,7/25/2022
453,Ta,F,8/13/1989,7/25/2022
454,Yam,F,4/12/1980,7/25/2022
455,Peck,M,12/30/1994,7/26/2022
456,Roald,M,1/14/1960,7/27/2022
457,Velma,F,12/5/1970,7/27/2022
458,Melba,F,5/28/1988,7/27/2022
459,Boy,M,11/29/1971,7/28/2022
460,Amp,F,4/27/1999,7/28/2022
461,Cube,M,12/24/1992,7/28/2022
462,Tam,M,12/12/1971,7/28/2022
463,Stinky,M,5/3/1995,7/28/2022
464,Big,M,5/14/1977,7/29/2022
465,Milk,F,6/11/2003,7/30/2022
466,Su,F,7/28/1993,7/30/2022
467,Cookie,F,12/25/2002,7/31/2022
468,Rosie,F,2/14/1968,8/1/2022
469,Napa,F,10/27/1978,8/3/2022
470,Joy,F,5/6/2001,8/4/2022
471,Pinky,F,2/15/1978,8/4/2022
472,Henry,M,5/18/1991,8/5/2022
473,Song,F,9/18/1971,8/5/2022
474,Meow,F,10/24/2001,8/6/2022
475,Tata,F,12/9/1994,8/6/2022
476,Lucky,M,5/16/1980,8/6/2022
477,Coco,F,6/20/1988,8/6/2022
478,Film,M,12/15/1994,8/7/2022
479,Gae,F,2/28/1997,8/7/2022
480,Raymond,M,10/28/1986,8/8/2022
481,Raymond,M,11/5/1970,8/9/2022
482,Ton,M,2/7/1989,8/9/2022
483,Mott,M,2/5/2004,8/10/2022
484,Max,M,9/1/2004,8/10/2022
485,Twiggy,F,8/31/1966,8/11/2022
486,Win,M,9/28/1962,8/12/2022
487,Tarn,M,5/12/1983,8/12/2022
488,Truffles,F,11/20/1960,8/12/2022
489,Hornsby,M,10/12/1970,8/12/2022
490,Molly,F,4/27/1989,8/13/2022
491,Kevin,M,3/30/2002,8/13/2022
492,Moe,M,12/13/1994,8/14/2022
493,Boat,M,11/30/1971,8/14/2022
494,Stitches,M,10/1/1983,8/15/2022
495,Claude,M,5/9/1966,8/15/2022
496,Film,M,2/21/1977,8/16/2022
497,Goose,M,6/26/1961,8/16/2022
498,Vesta,F,3/1/1962,8/17/2022
499,Tip,F,5/28/2002,8/19/2022
500,Minta,F,3/10/1987,8/19/2022
501,Sheldon,M,1/16/1961,8/19/2022
502,Dobie,M,6/13/1983,8/20/2022
503,Kai,M,1/15/1986,8/20/2022
504,Meow,F,1/8/2007,8/22/2022
505,Ging,F,8/21/1980,8/22/2022
506,Kitt,F,7/15/1994,8/23/2022
507,Frita,F,7/6/1970,8/23/2022
508,Lynn,F,4/19/1966,8/23/2022
509,Saiparn,F,3/7/1984,8/25/2022
510,Ink,F,3/23/1996,8/25/2022
511,Sally,F,4/28/2001,8/25/2022
512,Su,F,7/13/2001,8/26/2022
513,Ta,F,12/10/1992,8/26/2022
514,Vladimir,M,7/7/1977,8/26/2022
515,Peach,M,11/3/1993,8/27/2022
516,Tammy,F,10/10/1969,8/27/2022
517,Annalise,F,8/16/1981,8/27/2022
518,Ping,M,10/24/1995,8/28/2022
519,Leopold,M,1/16/1964,8/28/2022
520,Tuk,F,10/22/1968,8/28/2022
521,Hazel,F,10/5/1982,8/28/2022
522,Coach,M,4/17/2005,8/28/2022
523,Static,M,11/30/1978,8/29/2022
524,Francine,F,9/15/1986,8/29/2022
525,Gabi,F,11/3/1974,8/29/2022
526,Rodeo,M,6/3/1993,8/30/2022
527,Egbert,M,12/11/1978,8/30/2022
528,Snooty,F,12/14/1988,8/31/2022
529,Renรฉe,F,5/22/1986,8/31/2022
530,Annalisa,F,6/1/1999,8/31/2022
531,Ken,M,3/1/1972,9/1/2022
532,Chow,M,4/19/1993,9/1/2022
533,Baifern,F,3/20/1993,9/1/2022
534,Bibi,F,3/23/1961,9/1/2022
535,Leklek,F,10/3/1990,9/1/2022
536,Tangy,F,7/3/2008,9/2/2022
537,Max,M,3/14/2002,9/2/2022
538,Kao,F,9/27/1971,9/2/2022
539,Nim,F,4/19/1997,9/3/2022
540,Pango,F,2/6/2005,9/3/2022
541,Bas,M,12/8/1964,9/3/2022
542,Minta,F,11/4/1989,9/3/2022
543,Grace,F,5/30/1963,9/3/2022
544,Bee,F,1/28/1988,9/4/2022
545,Knox,M,9/8/1966,9/5/2022
546,Arm,M,1/3/1979,9/5/2022
547,Mook,F,10/13/1988,9/5/2022
548,View,M,3/17/1987,9/5/2022
549,Bambee,F,9/3/1975,9/6/2022
550,Cobb,M,10/13/1988,9/6/2022
551,Maggie,F,7/9/1995,9/6/2022
552,Margie,F,12/26/1977,9/7/2022
553,Champoo,F,10/22/1969,9/7/2022
554,Cally,F,10/26/1981,9/7/2022
555,Benz,F,7/11/1996,9/7/2022
556,Pom,F,2/4/1989,9/8/2022
557,May,F,11/20/1985,9/10/2022
558,Rowan,M,12/23/2000,9/10/2022
559,Jay,M,2/11/2002,9/12/2022
560,Kevin,M,4/8/1993,9/12/2022
561,Eugene,M,2/14/1997,9/12/2022
562,Weber,M,8/5/1967,9/13/2022
563,Rudy,M,5/4/2004,9/13/2022
564,Lin,F,10/21/1995,9/13/2022
565,Bibi,F,6/25/1980,9/14/2022
566,Bill,M,5/11/1976,9/15/2022
567,Bas,M,2/9/1965,9/16/2022
568,Vivian,F,1/5/1999,9/16/2022
569,Dan,M,2/22/1973,9/16/2022
570,Gaston,M,5/14/2005,9/18/2022
571,Cyd,M,9/20/2005,9/18/2022
572,Victoria,F,7/23/1989,9/18/2022
573,Pon,M,1/6/1983,9/18/2022
574,Freya,F,3/2/2000,9/19/2022
575,Chops,M,6/23/1997,9/20/2022
576,Benz,F,11/10/1962,9/20/2022
577,Ozzie,M,4/22/1964,9/21/2022
578,Poppy,F,7/3/1973,9/21/2022
579,Curly,M,2/28/1995,9/22/2022
580,Tad,M,10/29/1968,9/22/2022
581,Purrl,F,12/30/1971,9/23/2022
582,Sara,F,11/26/1962,9/24/2022
583,Kanya,F,11/8/1994,9/24/2022
584,Muffy,F,8/27/1974,9/24/2022
585,Kwan,F,2/24/1975,9/25/2022
586,Namwan,F,11/10/1987,9/25/2022
587,Win,M,12/29/1974,9/26/2022
588,Gaston,M,7/12/1985,9/26/2022
589,Moo,F,9/29/1986,9/26/2022
590,Bam,F,8/3/1960,9/27/2022
591,Rain,F,5/10/1971,9/27/2022
592,Goy,F,4/19/1991,9/27/2022
593,Dotty,F,4/23/1966,9/29/2022
594,Gibzy,F,5/15/2003,9/29/2022
595,Dear,M,11/15/1990,9/30/2022
596,Nok,F,8/11/1986,10/3/2022
597,Klaus,M,9/27/1986,10/3/2022
598,Cyrano,M,1/26/2001,10/3/2022
599,Jambette,F,12/30/1964,10/4/2022
600,Lalita,F,6/23/1963,10/4/2022
601,Yum,F,12/22/2006,10/5/2022
602,Tum,F,1/22/1983,10/6/2022
603,Namfon,F,11/5/1970,10/6/2022
604,Rolf,M,11/3/1970,10/7/2022
605,Raymond,M,6/18/2002,10/8/2022
606,Monty,M,12/24/1973,10/10/2022
607,Pompom,F,3/4/1976,10/12/2022
608,Boone,M,2/18/1998,10/12/2022
609,Rhonda,F,7/4/1974,10/12/2022
610,Bambee,F,8/29/1961,10/12/2022
611,Lynn,F,3/21/1960,10/12/2022
612,Peak,M,3/22/1974,10/12/2022
613,Tuk,M,11/21/1989,10/13/2022
614,Pop,F,7/6/1989,10/13/2022
615,Ribbot,M,2/17/1992,10/13/2022
616,Gib,F,8/16/2006,10/13/2022
617,Kiwi,F,9/30/1982,10/14/2022
618,Boat,M,2/16/1984,10/14/2022
619,Peach,F,11/29/2003,10/15/2022
620,YingYing,F,12/29/1990,10/15/2022
621,Rizzo,M,8/5/1977,10/15/2022
622,Ta,F,11/14/1961,10/15/2022
623,Samson,M,3/1/1969,10/15/2022
624,Amelia,F,12/8/1987,10/16/2022
625,May,F,12/18/1972,10/16/2022
626,Boss,M,1/26/2001,10/16/2022
627,Pop,F,5/15/1974,10/16/2022
628,Torrung,F,8/14/1990,10/17/2022
629,Kaeo,F,7/4/1976,10/19/2022
630,Flo,F,12/5/1993,10/20/2022
631,Freckles,F,12/3/1970,10/20/2022
632,Lalisa,F,7/12/2003,10/21/2022
633,Got,M,9/16/1979,10/24/2022
634,Boomer,M,1/26/2005,10/24/2022
635,Bibi,F,6/23/1968,10/24/2022
636,Toon,F,3/3/1961,10/25/2022
637,Bangle,F,8/20/1997,10/25/2022
638,Neng,M,7/8/1973,10/26/2022
639,Bertha,F,6/3/1992,10/26/2022
640,Billy,M,6/20/1980,10/27/2022
641,Ken,M,12/4/2005,10/27/2022
642,Chompoo,F,2/26/2003,10/28/2022
643,Fahfaah,F,10/13/1960,10/28/2022
644,Aye,F,6/1/2000,10/28/2022
645,Mac,M,7/13/2001,10/30/2022
646,Walker,M,8/21/1974,10/30/2022
647,Honey,F,1/29/1961,10/30/2022
648,Coach,M,7/9/1971,11/1/2022
649,Drago,M,2/17/1992,11/2/2022
650,Benzie,F,4/3/1984,11/3/2022
651,Annalise,F,9/22/1969,11/3/2022
652,Melba,F,11/24/1992,11/3/2022
653,Al,M,2/2/1961,11/3/2022
654,Olaf,M,7/7/1989,11/5/2022
655,Eunice,F,10/4/1987,11/5/2022
656,Boat,M,4/23/2002,11/5/2022
657,Curlos,M,10/11/1990,11/6/2022
658,Arm,M,3/27/1987,11/6/2022
659,Tuk,F,3/30/1976,11/6/2022
660,Bob,M,5/26/1985,11/8/2022
661,Boone,M,6/8/1962,11/9/2022
662,Megan,F,2/10/1966,11/9/2022
663,Peanut,F,6/21/1993,11/9/2022
664,Aom,F,8/14/2004,11/9/2022
665,Buzz,M,12/25/1978,11/10/2022
666,Mie,F,4/17/2006,11/10/2022
667,Broffina,F,1/5/1997,11/11/2022
668,Frita,F,1/19/1995,11/11/2022
669,Sprinkle,F,9/20/2000,11/11/2022
670,Boots,M,9/8/1986,11/12/2022
671,Kitt,F,4/1/1995,11/12/2022
672,Quillson,M,2/22/1981,11/12/2022
673,Gun,M,3/22/1966,11/13/2022
674,Agnes,F,5/3/1960,11/14/2022
675,Peewee,M,11/23/1997,11/14/2022
676,Pashmina,F,2/8/2007,11/15/2022
677,Charlise,F,3/6/1992,11/15/2022
678,Minnie,F,2/10/1990,11/16/2022
679,Sylvia,F,7/6/2006,11/16/2022
680,Zee,M,2/2/1975,11/18/2022
681,Non,M,1/17/1972,11/18/2022
682,Cherry,F,1/13/1984,11/18/2022
683,Kao,M,7/8/1974,11/18/2022
684,Gift,F,6/10/2001,11/18/2022
686,Kae,F,6/16/1995,11/21/2022
687,Rat,F,3/6/2003,11/21/2022
688,Fang,M,8/15/1963,11/22/2022
689,Tybalt,M,4/24/2006,11/23/2022
690,Khim,F,5/21/1983,11/23/2022
691,Ple,F,2/21/1979,11/24/2022
692,Saiparn,F,2/6/1974,11/24/2022
694,James,M,9/19/1971,11/24/2022
695,Pin,F,9/1/1963,11/25/2022
696,Cranston,M,3/15/1966,11/25/2022
697,Aun,M,10/27/1979,11/25/2022
698,WartJr,M,12/27/1982,11/25/2022
699,Yum,F,12/24/1989,11/26/2022
700,Vesta,F,2/13/1997,11/26/2022
701,Kao,F,5/22/2007,11/27/2022
702,Tangy,F,1/5/1997,11/27/2022
703,Champoo,F,4/5/1993,11/27/2022
704,Max,M,2/21/2000,11/30/2022
705,Pee,M,3/13/2007,11/30/2022
706,Peaches,F,2/4/1997,12/1/2022
707,Claudia,F,12/23/1983,12/1/2022
708,Tuk,F,5/17/2000,12/1/2022
709,Lucy,F,12/6/1984,12/2/2022
710,Gloria,F,2/4/1987,12/3/2022
711,Tarn,M,5/21/1984,12/3/2022
712,Jinnie,F,5/29/1977,12/3/2022
713,Boss,M,5/19/1976,12/4/2022
714,Weber,M,4/18/1991,12/4/2022
716,Drago,M,4/12/1983,12/5/2022
717,Benjamin,M,7/31/1988,12/6/2022
718,Velma,F,9/27/1999,12/6/2022
719,Felicity,F,4/3/1977,12/6/2022
720,Jazz,F,2/19/1985,12/6/2022
721,Jazz,F,1/14/2006,12/7/2022
722,Scoot,M,8/7/2006,12/7/2022
723,Torrung,F,1/7/1984,12/7/2022
724,Greta,F,1/13/1990,12/7/2022
726,Ging,F,10/28/1970,12/8/2022
727,Bettina,F,7/31/1996,12/9/2022
729,Limberg,M,10/18/1979,12/10/2022
730,Puck,M,12/6/1989,12/10/2022
731,Joe,M,11/9/2006,12/11/2022
732,Som-o,F,11/5/1960,12/11/2022
733,Leklek,F,4/20/1995,12/11/2022
735,Sara,F,5/5/1999,12/13/2022
736,Monique,F,10/12/1978,12/13/2022
738,Goldie,F,2/12/2001,12/14/2022
739,Rat,F,8/21/1975,12/15/2022
740,Tarn,F,7/18/1985,12/15/2022
741,Jeab,F,9/19/2002,12/16/2022
742,Boris,M,8/1/1972,12/16/2022
743,Broccolo,M,7/11/2001,12/19/2022
744,Boris,M,10/8/2004,12/19/2022
745,Elmer,M,3/30/1979,12/19/2022
746,Stitches,M,8/19/2002,12/19/2022
748,YingYing,F,8/30/1968,12/20/2022
749,Molly,F,9/4/1961,12/20/2022
750,Lita,F,4/25/1982,12/21/2022
751,Baifern,F,12/16/1988,12/21/2022
752,Bonus,F,5/16/1981,12/23/2022
753,Hazel,F,2/6/1993,12/23/2022
755,Elmer,M,6/1/1991,12/24/2022
756,Torrung,F,11/23/1994,12/25/2022
757,Tay,M,6/1/2005,12/25/2022
758,Vic,M,7/29/2008,12/25/2022
759,Peak,M,7/28/2006,12/25/2022
760,Rolf,M,10/14/1969,12/27/2022
761,Rizzo,M,5/29/1966,12/27/2022
762,Pat,F,2/21/1965,12/27/2022
763,Kiki,F,5/6/1972,12/27/2022
764,Moss,M,1/21/1977,12/28/2022
765,Krit,M,10/31/1981,12/28/2022
766,Alli,F,3/2/1982,12/28/2022
767,Vee,F,12/22/1961,12/29/2022
768,Air,F,11/23/1977,12/29/2022
769,Boris,M,4/27/1965,12/29/2022
770,Bertha,F,6/20/1960,12/30/2022
771,Simon,M,3/21/1995,12/30/2022
772,Saiparn,F,3/12/1976,12/30/2022
773,Jan,F,12/21/1989,12/30/2022
774,Parn,F,10/16/1989,12/31/2022
775,Zucker,M,4/30/2002,12/31/2022
776,Prince,M,3/21/2006,1/1/2023
777,Hamphrey,M,2/12/1977,1/1/2023
778,Champ,M,1/4/2000,1/1/2023
779,Aey,F,8/8/1972,1/1/2023
780,Oak,M,9/25/1992,1/1/2023
781,Kumkaew,F,4/5/2001,1/2/2023
782,Weber,M,10/26/2008,1/2/2023
783,BuaLoy,F,8/8/1988,1/2/2023
784,View,F,5/21/1972,1/2/2023
785,Penelope,F,10/25/1991,1/2/2023
786,Parn,F,6/16/1987,1/3/2023
787,Anicotti,F,6/3/1963,1/3/2023
788,Egbert,M,12/25/1999,1/2/2023
789,Truffles,F,9/4/1984,1/2/2023
790,Aoy,F,2/25/1999,1/2/2023
791,Ping,M,11/22/1990,1/1/2023
792,Avery,M,6/29/1971,1/3/2023
793,Frobert,M,8/22/1971,1/2/2023
794,Olive,F,7/31/1963,1/5/2023
795,Katt,F,2/11/1969,1/5/2023
796,Cyd,M,9/28/1995,1/3/2023
797,Spork,M,3/4/1982,1/4/2023
798,Mott,M,1/18/1977,1/3/2023
799,Bluebear,F,12/22/1963,1/6/2023
800,Barold,M,7/11/2003,1/6/2023
801,Stu,M,1/21/1998,1/5/2023
802,Pon,M,9/18/1978,1/4/2023
803,Dreamy,F,6/15/1981,1/9/2023
804,Kyle,M,5/2/1973,1/3/2023
805,Game,M,3/18/1974,1/4/2023
806,Poy,F,4/8/2002,1/10/2023
807,Ae,F,3/11/1963,1/9/2023
808,Pan,F,10/18/2000,1/9/2023
809,Cranston,M,8/16/1973,1/8/2023
810,Hugh,M,2/15/1974,1/10/2023
811,Annalisa,F,12/26/1972,1/10/2023
812,Ben,M,3/3/2005,1/6/2023
813,Penelope,F,3/27/1996,1/9/2023
814,WartJr,M,7/30/1977,1/10/2023
815,Nui,F,11/17/1978,1/6/2023
816,Raddle,M,4/13/2007,1/12/2023
817,Judy,F,1/21/1965,1/4/2023
818,Minta,F,6/3/2007,1/5/2023
819,Nut,M,12/23/1987,1/5/2023
820,Pudge,M,3/29/2003,1/16/2023
821,Sam,M,2/19/1961,1/5/2023
822,Tom,M,1/18/1965,1/4/2023
823,Boy,M,1/18/1979,1/5/2023
824,Ava,F,6/9/1968,1/4/2023
825,Baifern,F,6/3/1994,1/11/2023
826,Deena,F,3/24/1973,1/2/2023
827,Rod,M,3/27/2004,1/6/2023
828,Cousteau,M,9/30/2001,1/5/2023
829,Nae,F,9/16/1982,1/5/2023
830,Mook,F,11/7/1992,1/16/2023
831,Leklek,F,7/1/2001,1/10/2023
832,Egbert,M,6/15/1981,1/3/2023
833,Beau,M,2/20/1963,1/12/2023
834,Norma,F,4/18/1981,1/10/2023
835,Montra,F,2/26/2007,1/4/2023
836,Best,M,7/29/1989,1/10/2023
837,Vesta,F,10/24/1983,1/10/2023
838,Fauna,F,8/31/1980,1/9/2023
839,Top,M,6/25/1974,1/10/2023
840,Olive,F,6/22/1997,1/13/2023
841,Poncho,M,4/20/1979,1/4/2023
842,Walt,M,7/11/1991,1/23/2023
843,Ken,M,6/14/1979,1/21/2023
844,Coco,F,4/22/1967,1/5/2023
845,Frank,M,2/13/1963,1/4/2023
846,Lyn,F,3/2/1987,1/25/2023
847,Truffles,F,8/1/1965,2/1/2023
848,Freya,F,2/3/1969,2/1/2023
849,Drift,M,12/25/1967,2/1/2023
850,Lyman,M,1/24/1992,2/1/2023
851,Tarn,F,10/3/1975,2/1/2023
852,Janie,F,10/7/1978,2/1/2023
853,Jayda,F,10/8/1970,2/1/2023
854,Felicity,F,10/17/1977,2/1/2023
855,Tay,M,12/17/1985,2/1/2023
856,Tammi,F,7/13/1985,2/3/2023
857,Benzie,F,12/7/1997,2/2/2023
858,Antonio,M,1/21/1960,2/1/2023
859,Sam,M,12/7/1993,2/3/2023
860,Bluebear,F,3/6/2005,2/3/2023
861,Audie,F,12/29/1983,2/1/2023
862,Cally,F,12/4/1990,2/1/2023
863,Frita,F,2/24/1980,2/1/2023
864,Freckles,F,9/28/1970,2/5/2023
865,YingYing,F,2/16/1988,2/6/2023
866,Cheri,F,11/5/1967,2/7/2023
867,Nok,F,3/23/1962,2/1/2023
868,View,M,7/7/1966,2/7/2023
869,Sydney,F,7/31/1987,2/2/2023
870,Louie,M,9/10/2005,2/8/2023
871,YingYing,F,2/8/1976,2/7/2023
872,Kanyawee,F,11/29/1972,2/2/2023
873,Pun,F,9/28/2005,2/6/2023
874,Patty,F,5/25/2005,2/2/2023
875,Kaew,F,7/12/1991,2/7/2023
876,Olaf,M,3/24/1987,2/3/2023
877,Rocco,M,9/20/1975,2/10/2023
878,Rolf,M,2/2/1979,2/2/2023
879,Rada,F,8/14/2008,2/2/2023
880,Sun,M,11/28/1990,2/3/2023
881,Zell,M,9/11/1987,2/10/2023
882,Pat,M,4/18/1997,2/1/2023
883,Benedict,M,12/26/1968,2/2/2023
884,Rocco,M,8/11/1974,2/9/2023
885,Moss,M,8/31/2007,2/2/2023
886,Ice,F,9/20/1980,2/3/2023
887,Mim,F,2/7/1991,2/7/2023
888,Best,M,1/19/1993,2/14/2023
889,Cube,M,1/22/2008,2/2/2023
890,Nut,M,2/18/1967,2/7/2023
891,Tata,F,7/3/1991,2/7/2023
892,Marcel,M,8/4/1967,2/11/2023
893,Mie,F,11/29/1998,2/4/2023
894,Meen,F,4/9/1965,2/6/2023
895,Kat,F,9/28/1996,2/11/2023
896,Pla,F,5/12/1976,2/1/2023
897,Kabuki,M,7/29/1998,2/1/2023
898,Iya,F,7/1/1971,2/10/2023
899,Ter,M,2/25/2005,2/3/2023
900,Audie,F,9/6/2000,2/8/2023
901,Quillson,M,8/28/1986,2/6/2023
902,Krit,M,8/29/1967,2/4/2023
903,Eunice,F,10/24/2006,2/21/2023
904,Rowan,M,8/2/1999,2/7/2023
905,Pannee,F,5/3/1999,2/14/2023
906,Maelle,F,1/3/1989,2/2/2023
907,Kyle,M,11/20/1984,2/20/2023
908,Jacques,M,6/13/1967,2/18/2023
909,Peaches,F,9/8/2001,2/22/2023
910,Hopper,M,2/6/2008,2/20/2023
911,Maelle,F,4/4/1998,2/3/2023
912,Win,M,1/28/2006,2/21/2023
913,Lily,F,10/25/1976,2/10/2023
914,Waan,F,11/9/2002,2/9/2023
915,Ter,M,5/24/1984,2/7/2023
916,Bruce,M,5/9/1963,2/10/2023
917,May,F,1/29/1996,2/10/2023
918,Vladimir,M,10/16/1994,3/1/2023
919,Bubbles,F,3/1/1983,3/1/2023
920,Dew,F,1/24/1963,3/1/2023
921,Prince,M,12/31/1999,3/2/2023
922,Khim,F,4/19/1972,3/2/2023
923,Prim,F,8/25/1970,3/3/2023
924,Golf,M,8/16/1988,3/3/2023
925,Apollo,M,7/25/1976,3/3/2023
926,Puddles,F,11/22/1968,3/1/2023
927,Jeremiah,M,8/18/1979,3/1/2023
928,Jeab,F,11/22/1983,3/2/2023
929,Gam,F,6/7/1964,3/4/2023
930,Cookie,F,8/9/1966,3/1/2023
931,Nim,F,10/28/1981,3/3/2023
932,Mix,M,2/18/1990,3/1/2023
933,Ka,F,4/20/1986,3/7/2023
934,Fahfaah,F,11/27/1981,3/2/2023
935,Elmer,M,7/22/1960,3/2/2023
936,Hopkins,M,5/19/1973,3/7/2023
937,Bank,M,11/7/1996,3/2/2023
938,Gift,F,3/18/2003,3/6/2023
939,Cyrano,M,7/28/1988,3/8/2023
940,Toon,F,12/2/2007,3/2/2023
941,Orn,F,3/7/1983,3/4/2023
942,Sylvana,F,6/15/1994,3/7/2023
943,Ton,M,2/23/2008,3/2/2023
944,Penelope,F,10/29/1969,3/3/2023
945,Gabi,F,11/25/1996,3/1/2023
946,Henry,M,12/8/1965,3/6/2023
947,Zom,F,11/27/2004,3/7/2023
948,Mick,M,6/4/1974,3/8/2023
949,Beau,M,5/27/1966,3/1/2023
950,Rose,F,1/25/1987,3/7/2023
951,Pon,M,12/11/2003,3/3/2023
952,Keng,M,1/21/1972,3/13/2023
953,Peak,M,6/30/1988,3/6/2023
954,Margie,F,1/23/1982,3/13/2023
955,Ae,F,2/21/1961,3/7/2023
956,Pin,F,7/10/2001,3/6/2023
957,Apple,F,3/6/1971,3/10/2023
958,Pekoe,F,7/30/1982,3/1/2023
959,Antonio,M,3/30/1971,3/8/2023
960,Kam,F,2/9/1983,3/17/2023
961,Olive,F,12/26/1984,3/17/2023
962,Merry,F,2/20/1984,3/16/2023
963,BuaLoy,F,1/9/1999,3/5/2023
964,Jayda,F,10/6/1975,3/10/2023
965,Camofrog,M,6/29/1960,3/10/2023
966,Peak,M,4/26/1969,3/7/2023
967,Tanya,F,11/8/1966,3/8/2023
968,Zim,F,2/11/2006,3/20/2023
969,Pompom,F,6/16/1986,3/17/2023
970,Golf,M,10/11/1984,3/20/2023
971,Annalise,F,8/29/1971,3/7/2023
972,Pierce,M,9/19/1983,3/1/2023
973,Tarn,F,9/11/1995,3/12/2023
974,Octavian,M,3/21/1976,3/8/2023
975,Jayda,F,11/13/1963,3/2/2023
976,Naomi,F,11/30/1961,3/10/2023
977,Mathilda,F,12/26/1970,3/8/2023
978,Kung,F,10/11/1965,3/1/2023
979,Nan,F,12/2/2001,3/2/2023
980,Tam,M,12/9/1990,3/16/2023
981,Peach,F,3/31/1991,3/22/2023
982,Torrung,F,7/5/2007,3/16/2023
983,Fern,F,5/30/1970,3/3/2023
984,Diana,F,11/30/1966,3/8/2023
985,Mew,F,10/12/1962,3/3/2023
986,Pancetti,F,7/24/1974,3/9/2023
987,Nara,F,9/30/1985,3/17/2023
988,Tam,M,11/30/1974,3/3/2023
989,Mint,F,1/8/1984,3/7/2023
990,Cartoon,F,9/14/1972,4/1/2023
991,Gigi,F,6/15/1994,4/1/2023
992,Elise,F,11/15/1979,4/2/2023
993,Bea,F,7/4/1995,4/2/2023
994,Fern,F,2/22/1963,4/2/2023
995,Francine,F,6/8/1989,4/2/2023
996,Hopkins,M,11/13/2002,4/3/2023
997,Truffles,F,10/20/2007,4/3/2023
998,Kaeo,F,3/4/1988,4/3/2023
999,Wendy,F,1/13/1974,4/3/2023
1000,Astrid,F,11/5/1976,4/3/2023
1001,Kitty,F,12/29/2006,4/3/2023
1002,Boy,M,10/24/1981,4/2/2023
1003,Marshal,M,11/26/1971,4/3/2023
1004,Static,M,12/26/1998,4/4/2023
1005,Del,M,2/5/1989,4/3/2023
1006,Biff,M,1/21/1965,4/4/2023
1007,Hazel,F,1/10/1983,4/4/2023
1008,Lyman,M,8/8/1980,4/4/2023
1009,Rod,M,10/17/1960,4/5/2023
1010,Marina,F,3/19/2003,4/4/2023
1011,Pam,F,9/7/1969,4/5/2023
1012,Tucker,M,12/15/1973,4/5/2023
1013,Bluebear,F,6/20/1968,4/1/2023
1014,Coach,M,3/4/1993,4/4/2023
1015,Harry,M,2/23/1998,4/5/2023
1016,Pat,M,6/17/2002,4/3/2023
1017,Ozzie,M,4/16/1963,4/7/2023
1018,Belle,F,12/16/1972,4/8/2023
1019,Jay,M,8/31/1995,4/5/2023
1020,Tammi,F,6/30/1967,4/4/2023
1021,Hamlet,M,6/6/1995,4/9/2023
1022,Neng,M,7/26/2004,4/7/2023
1023,Samson,M,9/16/1990,4/3/2023
1024,Leonardo,M,6/24/1960,4/7/2023
1025,Patty,F,11/25/1973,4/3/2023
1026,Diva,F,4/14/1962,4/4/2023
1027,Carmen,F,2/2/1971,4/10/2023
1028,Dew,F,1/21/1996,4/10/2023
1029,Stu,M,7/21/1993,4/3/2023
1030,Bank,M,1/15/1964,4/10/2023
1031,Ricky,M,8/24/2002,4/10/2023
1032,Cube,M,2/22/1990,4/13/2023
1033,Jame,M,12/10/1974,4/10/2023
1034,Win,F,8/17/1990,4/4/2023
1035,Paew,F,5/31/1991,4/12/2023
1036,Pop,F,11/11/1977,4/5/2023
1037,Peach,M,4/23/1978,4/3/2023
1038,Spike,M,3/23/1997,4/1/2023
1039,NamTan,F,1/30/1980,4/2/2023
1040,Claudia,F,4/26/1965,4/11/2023
1041,Eunice,F,10/5/1962,4/14/2023
1042,Tarn,F,12/6/1989,4/7/2023
1043,Kea,F,11/23/1969,4/7/2023
1044,Lucky,M,4/20/1963,4/18/2023
1045,Zim,F,5/24/2002,4/18/2023
1046,Pate,F,9/4/1981,4/6/2023
1047,Carmen,F,2/3/1988,4/17/2023
1048,Hopkins,M,12/10/2004,4/1/2023
1049,Avery,M,3/7/1998,4/11/2023
1050,Marcel,M,10/29/1992,4/11/2023
1051,Pop,M,9/4/1969,4/21/2023
1052,Sylvia,F,6/16/1989,4/2/2023
1053,Bluebear,F,5/13/1975,4/22/2023
1054,Miranda,F,11/8/1977,4/12/2023
1055,Pop,F,9/16/1998,4/5/2023
1056,Hamphrey,M,8/1/1979,4/3/2023
1057,Kluay,F,10/29/2005,4/19/2023
1058,Drago,M,8/15/1969,4/21/2023
1059,Aey,F,3/7/1962,4/1/2023
1060,Ua,F,12/15/1991,4/8/2023
1061,Mick,M,3/18/1991,4/27/2023
1062,Naomi,F,3/6/1974,5/2/2023
1063,Stella,F,2/12/2001,5/3/2023
1064,Ping,M,1/4/2008,5/3/2023
1065,Raymond,M,2/7/1994,5/1/2023
1066,Chow,M,9/23/1981,5/1/2023
1067,Bianca,F,8/31/2000,5/4/2023
1068,Hamphrey,M,3/17/2006,5/5/2023
1069,Ping,M,12/28/1999,5/3/2023
1070,Megan,F,6/12/1979,5/1/2023
1071,Margie,F,1/23/1999,5/2/2023
1072,Peach,F,3/12/2002,5/7/2023
1073,Wade,M,1/24/1975,5/2/2023
1074,Aun,M,11/6/1969,5/2/2023
1075,Bonus,F,9/30/1967,5/9/2023
1076,Ai,F,9/4/1994,5/10/2023
1077,Knox,M,10/31/1983,5/8/2023
1078,Rodeo,M,1/5/2003,5/9/2023
1079,Tex,M,2/15/1999,5/3/2023
1080,Alli,F,1/25/1985,5/11/2023
1081,Boone,M,4/29/2004,5/3/2023
1082,Anchovy,M,2/26/1974,5/4/2023
1083,Stu,M,2/5/1993,5/3/2023
1084,Nara,F,1/11/1991,5/10/2023
1085,Ice,F,12/16/1994,5/12/2023
1086,Ua,F,9/23/1978,5/11/2023
1087,Snake,M,9/10/1976,5/8/2023
1088,Avery,M,6/12/1995,5/4/2023
1089,Astrid,F,4/12/1960,5/14/2023
1090,Ball,M,8/8/1969,5/8/2023
1091,Mac,M,4/23/2000,5/10/2023
1092,Beau,M,4/14/1986,5/8/2023
1093,Bunnie,F,7/16/1981,5/2/2023
1094,Bunnie,F,9/28/1969,5/4/2023
1095,Anabelle,F,1/16/1974,5/6/2023
1096,Rasher,M,1/21/1988,5/10/2023
1097,Margie,F,6/19/1970,5/3/2023
1098,Chevre,F,11/21/1996,5/2/2023
1099,Dora,F,8/23/1991,5/5/2023
1100,Becky,F,1/11/1995,5/6/2023
1101,Tee,M,8/12/1992,5/18/2023
1102,Rain,F,7/18/2006,5/17/2023
1103,Hans,M,4/1/1989,5/19/2023
1104,Frita,F,11/4/2004,5/15/2023
1105,Louie,M,6/27/1963,5/11/2023
1106,Hazel,F,9/25/1991,5/3/2023
1107,Bambee,F,1/10/1960,5/8/2023
1108,Hopkins,M,11/4/1986,5/11/2023
1109,Skye,F,6/21/1966,5/6/2023
1110,Merry,F,4/9/2004,5/8/2023
1111,Anya,F,12/27/1972,5/15/2023
1112,Cally,F,4/5/1984,5/9/2023
1113,Moji,F,11/13/1967,5/15/2023
1114,Bill,M,5/24/1973,5/23/2023
1115,Krit,M,10/26/1978,5/19/2023
1116,Samson,M,5/31/1981,5/14/2023
1117,Jack,M,1/31/1992,5/8/2023
1118,Lyman,M,3/9/1977,5/23/2023
1119,Jay,M,11/25/1989,5/18/2023
1120,Tex,M,3/10/1998,5/13/2023
1121,Renรฉe,F,6/19/1992,5/1/2023
1122,Blanche,F,11/16/1995,5/12/2023
1123,Winnie,F,4/29/1998,5/23/2023
1124,Cyrano,M,6/20/1980,5/3/2023
1125,Leopold,M,5/18/1964,5/11/2023
1126,Pun,F,8/16/1994,5/3/2023
1127,Ankha,F,9/2/1961,5/18/2023
1128,Rhonda,F,1/26/1989,5/14/2023
1129,Lolly,F,9/25/1990,5/11/2023
1130,Tuk,F,8/5/1991,5/7/2023
1131,Peck,M,1/25/2002,6/1/2023
1132,Film,M,4/3/1994,6/1/2023
1133,Maelle,F,7/27/1982,6/1/2023
1134,Becky,F,2/28/2002,6/2/2023
1135,Colton,M,12/12/1976,6/2/2023
1136,Graham,M,6/17/1990,6/1/2023
1137,Eunice,F,3/21/1961,6/4/2023
1138,Poncho,M,5/4/2008,6/5/2023
1139,Bianca,F,1/22/1965,6/1/2023
1140,Gaston,M,12/29/2001,6/4/2023
1141,Dobie,M,6/17/1999,6/6/2023
1142,Colton,M,7/28/1976,6/6/2023
1143,Drago,M,12/8/1960,6/6/2023
1144,Ruby,F,4/8/2007,6/7/2023
1145,Cookie,F,8/8/1972,6/5/2023
1146,Victoria,F,7/26/1976,6/7/2023
1147,Ploykaew,F,9/25/2006,6/7/2023
1148,Paew,F,3/9/1968,6/8/2023
1149,Broccolo,M,4/8/1981,6/7/2023
1150,Diana,F,4/28/1976,6/2/2023
1151,Erik,M,12/29/2004,6/2/2023
1152,Timbra,F,3/24/2008,6/9/2023
1153,Janie,F,12/29/1987,6/7/2023
1154,Benedict,M,1/29/1989,6/9/2023
1155,Janie,F,9/3/1996,6/6/2023
1156,Kevin,M,3/28/1968,6/10/2023
1157,Chops,M,12/29/1960,6/10/2023
1158,Pla,F,11/15/1968,6/8/2023
1159,Marcie,F,9/8/2004,6/11/2023
1160,Jeed,F,2/12/1986,6/5/2023
1161,Pango,F,11/17/1996,6/9/2023
1162,Monique,F,2/21/2002,6/1/2023
1163,Nara,F,3/8/1963,6/1/2023
1164,Film,M,10/30/1979,6/7/2023
1165,Marina,F,2/17/1968,6/4/2023
1166,Admiral,M,11/18/2002,6/1/2023
1167,Deedee,F,12/16/1983,6/10/2023
1168,Snake,M,1/6/2007,6/7/2023
1169,Janie,F,1/13/1980,6/2/2023
1170,BuaLoy,F,2/16/1978,6/4/2023
1171,Dear,M,8/25/2004,6/15/2023
1172,Saiparn,F,4/27/1962,6/2/2023
1173,Victoria,F,1/1/1998,6/16/2023
1174,Annalise,F,6/16/1971,6/17/2023
1175,Boomer,M,5/16/1976,6/1/2023
1176,Curly,M,10/23/1971,6/19/2023
1177,Pat,F,12/3/1972,6/7/2023
1178,Hopper,M,12/3/1977,6/12/2023
1179,Nui,F,11/21/2007,6/20/2023
1180,Hopper,M,10/4/1999,6/2/2023
1181,Poy,F,7/9/2003,6/1/2023
1182,Jeep,M,3/18/1962,6/6/2023
1183,Ketchup,F,12/13/1971,6/7/2023
1184,Twiggy,F,5/18/1960,6/9/2023
1185,Elvis,M,6/28/1995,6/21/2023
1186,Nim,F,7/11/1983,6/13/2023
1187,Khim,F,12/13/1972,6/1/2023
1188,Clyde,M,7/21/1992,6/23/2023
1189,Julia,F,8/30/1963,6/21/2023
1190,Bonbon,F,9/24/1968,6/18/2023
1191,Canberra,F,2/6/1981,6/8/2023
1192,Rodney,M,9/3/1968,6/23/2023
1193,Pop,M,9/11/1991,6/26/2023
1194,Bas,M,5/26/1965,6/15/2023
1195,Rolf,M,10/21/1983,6/20/2023
1196,Pimdao,F,5/2/1989,6/1/2023
1197,Dotty,F,12/16/1984,6/13/2023
1198,Kumkaew,F,2/27/1965,6/20/2023
1199,Limberg,M,4/30/1965,6/29/2023
1200,Dobie,M,9/30/1985,6/20/2023
1201,Fah,F,7/2/1982,6/10/2023
1202,BuaLoy,F,5/23/1991,6/16/2023
1203,Lily,F,4/28/2003,6/12/2023
1204,Moon,F,5/27/1993,7/1/2023
1205,Waan,F,4/27/1968,7/3/2023
1206,Ter,M,11/20/1998,7/3/2023
1207,Rhonda,F,1/26/1976,7/3/2023
1208,Olivia,F,1/9/1991,7/4/2023
1209,Dew,F,12/16/2008,7/5/2023
1210,Bones,M,6/17/1968,7/5/2023
1211,Champoo,F,5/27/1964,7/4/2023
1212,Nut,M,12/21/2003,7/8/2023
1213,Max,M,5/4/1967,7/1/2023
1214,Ton,M,10/16/2000,7/6/2023
1215,Jazz,F,2/9/2007,7/5/2023
1216,Punchy,M,7/11/1974,7/8/2023
1217,Montra,F,1/11/2003,7/9/2023
1218,Amp,F,10/24/1981,7/7/2023
1219,Moose,M,12/24/1970,7/4/2023
1220,Murphy,M,11/14/1977,7/10/2023
1221,Lobo,M,4/11/1971,7/10/2023
1222,Lyn,F,1/21/1969,7/10/2023
1223,Tucker,M,10/11/1994,7/10/2023
1224,T-Bone,M,7/16/1970,7/4/2023
1225,Pippy,F,8/11/2003,7/11/2023
1226,Chompoo,F,5/26/1973,7/4/2023
1227,Oak,M,1/13/1964,7/8/2023
1228,Wendy,F,6/5/1992,7/11/2023
1229,Spork,M,5/28/1996,7/10/2023
1230,Mott,M,5/28/2004,7/12/2023
1231,Paula,F,9/9/1960,7/12/2023
1232,Jane,F,12/6/1975,7/7/2023
1233,Sara,F,11/20/2004,7/10/2023
1234,Bank,M,11/7/1976,7/13/2023
1235,Fifa,F,3/31/1988,7/7/2023
1236,Biff,M,1/21/1970,7/14/2023
1237,Max,M,3/19/1962,7/15/2023
1238,Rada,F,6/17/1964,7/6/2023
1239,Tia,F,8/30/2006,7/7/2023
1240,Pancetti,F,8/26/1962,7/7/2023
1241,Naomi,F,12/7/1995,7/16/2023
1242,Amelia,F,7/8/1984,7/12/2023
1243,Monique,F,6/19/2002,7/6/2023
1244,Game,M,2/22/1970,7/10/2023
1245,Lyn,F,1/13/2001,7/18/2023
1246,Dao,F,2/15/1976,7/10/2023
1247,Static,M,6/25/2000,7/7/2023
1248,Static,M,10/7/1984,7/19/2023
1249,Nate,M,5/6/1993,7/20/2023
1250,Chops,M,12/11/2007,7/19/2023
1251,Deirdre,F,10/6/1974,7/11/2023
1252,Best,M,7/14/1997,7/3/2023
1253,Dan,M,10/29/1970,7/8/2023
1254,Cally,F,1/15/2008,7/4/2023
1255,Louie,M,5/18/2000,7/20/2023
1256,Anda,F,4/4/1978,7/6/2023
1257,Cyrano,M,9/24/2002,7/11/2023
1258,Norma,F,10/11/1967,7/14/2023
1259,WartJr,M,7/16/1968,7/3/2023
1260,Tanya,F,7/4/1997,7/1/2023
1261,Gigi,F,11/27/1984,7/4/2023
1262,Coach,M,9/8/2001,7/18/2023
1263,Frita,F,4/12/1985,7/18/2023
1264,Tawan,M,4/18/1989,7/23/2023
1265,Rodeo,M,5/16/1980,7/24/2023
1266,Canberra,F,8/1/1967,7/9/2023
1267,Pietro,M,6/28/1987,7/24/2023
1268,Curly,M,11/17/2005,7/5/2023
1269,Gala,F,6/3/1996,7/14/2023
1270,Rooney,M,3/23/1972,7/19/2023
1271,Marcie,F,9/22/1990,7/28/2023
1272,Lin,F,8/16/1995,7/19/2023
1273,Ohm,M,11/22/1988,7/26/2023
1274,Boom,F,3/7/1975,7/25/2023
1275,Muffy,F,3/30/1998,7/27/2023
1276,Gift,F,4/25/2006,7/14/2023
1277,Chaba,F,11/8/1967,7/18/2023
1278,Pippy,F,8/15/2006,7/5/2023
1279,T-Bone,M,7/29/1967,8/1/2023
1280,Peach,M,12/1/1992,8/1/2023
1281,Rain,F,8/14/2000,8/2/2023
1282,Nong,F,7/6/2001,8/2/2023
1283,Ursala,F,7/23/1976,8/2/2023
1284,Harry,M,7/5/1990,8/2/2023
1285,Marina,F,5/28/1976,8/2/2023
1286,Kan,F,7/25/1978,8/3/2023
1287,Noon,F,7/31/1970,8/3/2023
1288,Film,M,8/20/1972,8/4/2023
1289,Pin,F,11/13/1998,8/5/2023
1290,Pop,M,7/20/1984,8/5/2023
1291,Pun,M,6/4/1996,8/6/2023
1292,Gabi,F,2/25/2008,8/3/2023
1293,Stella,F,11/28/2001,8/4/2023
1294,Olivia,F,4/29/1961,8/7/2023
1295,Tawan,M,2/27/1998,8/3/2023
1296,Jane,F,11/3/2007,8/5/2023
1297,Biff,M,2/18/1987,8/7/2023
1298,Punchy,M,5/27/1974,8/1/2023
1299,Kea,F,7/6/1982,8/9/2023
1300,Bunnie,F,3/18/2007,8/9/2023
1301,Lek,F,12/17/2003,8/9/2023
1302,Tammi,F,9/6/1998,8/7/2023
1303,Chompoo,F,5/11/2003,8/9/2023
1304,Pan,F,2/1/2003,8/11/2023
1305,Tata,F,2/12/2004,8/9/2023
1306,Drago,M,5/30/1995,8/6/2023
1307,Roscoe,M,11/1/1987,8/4/2023
1308,Momo,F,12/22/2005,8/12/2023
1309,Walker,M,4/22/2007,8/6/2023
1310,Marshal,M,5/2/1960,8/4/2023
1311,Nee,F,5/23/1971,8/4/2023
1312,Pashmina,F,4/1/1998,8/14/2023
1313,Napa,F,3/25/1984,8/8/2023
1314,Lolly,F,6/30/1962,8/1/2023
1315,Drift,M,1/15/1974,8/7/2023
1316,Baifern,F,7/27/1976,8/4/2023
1317,Ed,M,11/24/1980,8/14/2023
1318,Tex,M,9/24/1961,8/9/2023
1319,Eloise,F,6/26/1990,8/4/2023
1320,Frita,F,6/13/1975,8/16/2023
1321,Lyman,M,5/15/1981,8/10/2023
1322,Bunnie,F,2/10/2000,8/17/2023
1323,Kae,F,11/26/1973,8/10/2023
1324,Snooty,F,8/10/1994,8/3/2023
1325,Song,F,12/11/2007,8/18/2023
1326,Mook,F,9/9/1988,8/4/2023
1327,Blanche,F,10/11/1993,8/12/2023
1328,Dom,M,2/7/1995,8/19/2023
1329,Ling,F,1/9/1993,8/15/2023
1330,Dotty,F,10/31/1970,8/3/2023
1331,Kaew,F,4/24/1998,8/17/2023
1332,Rin,F,1/1/2001,8/4/2023
1333,Freckles,F,9/17/1971,8/8/2023
1334,Kanya,F,6/6/1974,8/11/2023
1335,Patty,F,4/11/1988,8/19/2023
1336,Spork,M,9/24/1987,8/5/2023
1337,Hamlet,M,7/17/2006,8/6/2023
1338,Zucker,M,9/20/2006,8/21/2023
1339,Elvis,M,5/25/1963,8/17/2023
1340,Jeremiah,M,5/12/2001,8/20/2023
1341,Snooty,F,11/1/1989,8/7/2023
1342,Tao,M,6/28/1965,8/16/2023
1343,Frobert,M,5/16/1999,8/22/2023
1344,Tasha,F,10/2/1980,8/6/2023
1345,Boom,F,9/16/1987,8/26/2023
1346,Grace,F,2/22/2001,8/15/2023
1347,Claude,M,9/4/2007,8/11/2023
1348,Nate,M,9/20/1971,8/21/2023
1349,Tybalt,M,8/26/1973,8/16/2023
1350,Honeybee,F,4/8/1998,8/11/2023
1351,Tee,F,8/5/1965,8/19/2023
1352,Diva,F,12/20/1983,8/24/2023
1353,Jambette,F,4/13/2002,8/4/2023
1354,Barold,M,9/26/1975,8/11/2023
1355,Sally,F,7/3/1986,8/16/2023
1356,Rat,F,4/25/1970,8/29/2023
1357,New,M,8/7/1982,8/25/2023
1358,Kyle,M,7/7/1963,8/2/2023
1359,Nam,F,2/1/1968,8/28/2023
1360,Aon,M,3/1/1988,8/9/2023
1361,Lin,F,10/4/1982,8/11/2023
1362,Twiggy,F,7/31/1979,8/10/2023
1363,Pippy,F,6/2/2002,8/5/2023
1364,Quillson,M,8/9/1986,9/2/2023
1365,Dobie,M,4/14/1970,9/3/2023
1366,Lyman,M,7/21/1990,9/3/2023
1367,Bruce,M,3/31/1993,9/4/2023
1368,Cobb,M,5/9/1998,9/2/2023
1369,Big,M,7/21/1977,9/4/2023
1370,Peggy,F,9/12/1974,9/5/2023
1371,Bunnie,F,12/4/1982,9/1/2023
1372,Kody,M,3/5/2007,9/7/2023
1373,Chester,M,11/15/1970,9/1/2023
1374,Cake,F,7/9/1999,9/7/2023
1375,Nut,M,8/26/1970,9/5/2023
1376,Cookie,F,3/27/1980,9/8/2023
1377,Friga,F,9/12/1962,9/7/2023
1378,Marcie,F,8/24/2003,9/8/2023
1379,Poppy,F,10/8/2008,9/8/2023
1380,YingYing,F,12/21/2003,9/1/2023
1381,Peggy,F,12/29/1993,9/9/2023
1382,Pinky,F,7/27/1960,9/8/2023
1383,Stu,M,10/20/1988,9/1/2023
1384,Ploykaew,F,10/15/1965,9/11/2023
1385,Aun,F,10/16/2003,9/12/2023
1386,Jeed,F,3/19/1975,9/12/2023
1387,Fluke,M,12/19/1970,9/8/2023
1388,Leklek,F,10/19/2000,9/4/2023
1389,Bea,F,1/29/1991,9/14/2023
1390,Hans,M,7/2/1966,9/12/2023
1391,Peak,M,10/26/1963,9/4/2023
1392,Toey,M,3/6/1972,9/11/2023
1393,Janie,F,5/29/1964,9/15/2023
1394,Hazel,F,7/11/1963,9/3/2023
1395,Octavian,M,12/31/1972,9/5/2023
1396,Kat,F,3/15/1984,9/9/2023
1397,Walt,M,1/27/1960,9/17/2023
1398,Stella,F,2/26/1963,9/14/2023
1399,Plucky,F,7/17/2005,9/17/2023
1400,Octavian,M,7/9/1970,9/7/2023
1401,Agnes,F,1/26/2002,9/1/2023
1402,Knox,M,10/7/1981,9/5/2023
1403,Jayda,F,11/13/2008,9/8/2023
1404,Um,F,9/15/1987,9/6/2023
1405,Jacob,M,12/16/1996,9/7/2023
1406,Pop,F,6/20/2005,9/8/2023
1407,Icey,F,12/7/1970,9/15/2023
1408,Lily,F,3/19/1988,9/9/2023
1409,Tom,M,1/13/1999,9/21/2023
1410,Kumkaew,F,7/21/2008,9/1/2023
1411,Keng,M,10/3/1995,9/18/2023
1412,Rex,M,12/16/1974,9/6/2023
1413,Bonus,F,3/13/1979,9/4/2023
1414,Kim,M,2/6/1996,9/18/2023
1415,Eunice,F,4/18/1965,9/14/2023
1416,Tanya,F,3/27/1960,9/5/2023
1417,Aye,F,9/21/1996,9/16/2023
1418,O'Hare,M,9/1/2002,9/14/2023
1419,BuaLoy,F,1/8/1979,9/1/2023
1420,Skye,F,7/29/1992,9/12/2023
1421,Avery,M,6/28/1971,9/5/2023
1422,Chops,M,12/15/1987,9/8/2023
1423,Gubgib,F,7/27/1970,9/8/2023
1424,Chadder,M,6/17/1964,9/22/2023
1425,Rex,M,5/2/1998,9/20/2023
1426,Maggie,F,4/25/1996,9/2/2023
1427,Aey,F,7/9/1992,9/18/2023
1428,Top,M,11/24/2006,9/10/2023
1429,Alfonso,M,10/29/1976,9/20/2023
1430,Sylvia,F,3/6/1977,9/19/2023
1431,Cyrano,M,7/24/1980,9/16/2023
1432,Aor,F,7/12/1969,9/5/2023
1433,Peggy,F,1/14/1964,10/1/2023
1434,Jazz,F,11/11/1969,10/2/2023
1435,Hopkins,M,8/28/1974,10/3/2023
1436,Ter,M,2/9/1974,10/2/2023
1437,Kyle,M,5/20/1975,10/4/2023
1438,Duen,F,12/30/1989,10/4/2023
1439,Jeremiah,M,2/24/1998,10/4/2023
1440,Song,F,8/22/2008,10/5/2023
1441,Jinnie,F,6/11/1994,10/5/2023
1442,Flora,F,5/14/1993,10/4/2023
1443,Marshal,M,5/20/1987,10/6/2023
1444,Toon,F,3/5/2001,10/2/2023
1445,Pam,F,7/3/2004,10/6/2023
1446,Zen,F,4/6/1995,10/6/2023
1447,Oak,M,3/15/2000,10/2/2023
1448,Hamlet,M,4/16/1994,10/2/2023
1449,Vee,F,10/21/1965,10/9/2023
1450,Ying,F,3/13/1969,10/7/2023
1451,Gabi,F,9/25/1978,10/9/2023
1452,Torrung,F,1/17/1981,10/3/2023
1453,Del,M,5/5/2008,10/10/2023
1454,Note,M,12/23/1982,10/8/2023
1455,Graham,M,12/2/1977,10/4/2023
1456,Paew,F,9/17/2005,10/1/2023
1457,Rooney,M,6/12/1989,10/10/2023
1458,Vee,F,4/1/1975,10/7/2023
1459,Sally,F,5/28/1993,10/12/2023
1460,Chadder,M,2/17/1978,10/1/2023
1461,Monty,M,4/21/1963,10/4/2023
1462,Korn,M,4/11/1988,10/14/2023
1463,Jaja,F,10/10/1986,10/3/2023
1464,Boy,M,10/19/1997,10/6/2023
1465,Stella,F,10/11/1963,10/10/2023
1466,Cole,M,2/29/2000,10/5/2023
1467,Pekoe,F,10/19/1998,10/17/2023
1468,Pancetti,F,5/11/1992,10/17/2023
1469,Neng,M,12/28/1969,10/3/2023
1470,Hamlet,M,2/10/2004,10/2/2023
1471,Cyd,M,12/28/2002,10/2/2023
1472,Ploykaew,F,4/22/1969,10/18/2023
1473,Dao,F,10/20/1969,10/5/2023
1474,Note,M,1/17/2006,10/17/2023
1475,Elise,F,5/4/1962,10/5/2023
1476,Mallary,F,11/23/1999,10/21/2023
1477,Chief,M,11/22/2006,10/5/2023
1478,Jack,M,6/17/1985,10/2/2023
1479,Ball,M,12/18/1993,10/18/2023
1480,Bas,M,10/5/1995,10/24/2023
1481,Cally,F,9/5/1989,10/6/2023
1482,Sherb,M,4/28/1960,10/2/2023
1483,Kitty,F,10/8/1970,10/9/2023
1484,Katt,F,10/2/2006,10/5/2023
1485,Coco,F,5/20/1980,10/6/2023
1486,Meow,F,7/7/1989,10/5/2023
1487,Curt,M,10/13/1991,10/10/2023
1488,Pudge,M,11/13/1971,10/12/2023
1489,Bibi,F,3/3/1976,10/10/2023
1490,Bangle,F,12/16/2007,10/4/2023
1491,Octavian,M,2/14/1999,10/5/2023
1492,Reneigh,F,5/6/1967,10/25/2023
1493,Al,M,11/8/1973,10/1/2023
1494,Flo,F,11/2/1968,10/20/2023
1495,Billy,M,2/14/1983,10/17/2023
1496,Ice,F,6/24/1970,10/22/2023
1497,Minnie,F,3/2/1995,10/15/2023
1498,Kumkaew,F,8/21/1970,10/4/2023
1499,Gabi,F,10/20/1994,10/2/2023
1500,Fa,F,11/16/1979,10/17/2023
1501,Kiki,F,1/17/1983,11/1/2023
1502,Mick,M,3/27/1963,11/1/2023
1503,Rada,F,9/13/1961,11/1/2023
1504,Lolly,F,12/11/1975,11/1/2023
1505,Curlos,M,1/23/1998,11/1/2023
1506,Pango,F,11/25/1969,11/1/2023
1507,Audie,F,3/3/2000,11/1/2023
1508,Boss,M,8/19/1989,11/2/2023
1509,Butch,M,3/26/1994,11/2/2023
1510,Orn,F,7/14/1960,11/2/2023
1511,Kea,F,1/25/1989,11/2/2023
1512,Gwen,F,3/7/1961,11/2/2023
1513,Jacob,M,6/12/1996,11/3/2023
1514,Maelle,F,9/27/1972,11/3/2023
1515,Cranston,M,10/1/1980,11/2/2023
1516,Zim,F,3/31/1984,11/3/2023
1517,Fuchsia,F,8/17/1999,11/3/2023
1518,Lin,F,5/2/1980,11/4/2023
1519,Pinky,F,12/7/2000,11/1/2023
1520,Opal,F,6/28/1973,11/5/2023
1521,Hopkins,M,12/25/1989,11/3/2023
1522,Lucy,F,5/9/1998,11/2/2023
1523,Rada,F,1/31/2002,11/6/2023
1524,Maelle,F,11/16/1997,11/6/2023
1525,Walt,M,5/11/1970,11/6/2023
1526,Butch,M,4/24/1960,11/7/2023
1527,Barold,M,4/7/1997,11/1/2023
1528,Roald,M,5/12/1968,11/7/2023
1529,Apollo,M,12/27/1970,11/3/2023
1530,Chompoo,F,6/25/1974,11/6/2023
1531,Cleo,F,7/12/2004,11/6/2023
1532,Toon,F,5/16/1965,11/3/2023
1533,Yuka,F,4/1/1993,11/10/2023
1534,Jan,F,12/26/1989,11/1/2023
1535,Tia,F,4/21/1979,11/10/2023
1536,Shari,F,1/30/1975,11/11/2023
1537,Narumon,F,10/7/1967,11/3/2023
1538,Hamphrey,M,5/4/1960,11/1/2023
1539,Julian,M,10/8/1971,11/4/2023
1540,Goose,M,4/27/1978,11/9/2023
1541,Anchovy,M,10/9/2006,11/3/2023
1542,Bubbles,F,1/14/1998,11/14/2023
1543,Poy,F,7/8/1987,11/3/2023
1544,Fah,F,9/19/1967,11/6/2023
1545,Eunice,F,10/10/1979,11/13/2023
1546,Dew,F,12/31/1987,11/14/2023
1547,Hopper,M,12/4/1971,11/15/2023
1548,Gam,F,12/17/1961,11/12/2023
1549,Toey,M,5/15/1970,11/16/2023
1550,YingYing,F,5/6/1996,11/9/2023
1551,Kyle,M,11/11/1990,11/3/2023
1552,Fluke,M,7/16/1965,11/13/2023
1553,Kaeo,F,4/11/1992,11/2/2023
1554,Papi,M,7/20/1965,11/15/2023
1555,Khing,F,6/22/1979,11/19/2023
1556,Aye,F,7/16/1997,11/9/2023
1557,Wan,F,11/8/2000,11/1/2023
1558,Daojai,F,5/10/1969,11/11/2023
1559,Tuk,M,7/28/1979,11/22/2023
1560,Spike,M,12/10/1984,11/6/2023
1561,Chadder,M,6/28/1974,11/2/2023
1562,Kanyawee,F,2/25/2005,11/20/2023
1563,Cesar,M,11/15/1960,11/18/2023
1564,Zom,F,4/22/2008,11/5/2023
1565,Miranda,F,2/20/1966,11/20/2023
1566,Beau,M,8/14/1992,11/2/2023
1567,Barold,M,11/20/1972,11/17/2023
1568,Axel,M,2/12/2007,11/6/2023
1569,Jame,M,4/3/1963,11/4/2023
1570,Kluay,F,10/20/1976,11/3/2023
1571,Pla,F,4/27/1981,11/23/2023
1572,Nui,F,2/3/1992,12/1/2023
1573,Torrung,F,3/16/1971,12/1/2023
1574,Aye,F,1/20/1996,12/1/2023
1575,Flo,F,10/21/1986,12/1/2023
1576,Por,F,12/19/1998,12/2/2023
1577,Reneigh,F,6/17/1987,12/2/2023
1579,Pam,F,1/23/1985,12/3/2023
1580,Rudy,M,3/26/1971,12/2/2023
1581,Kung,F,12/22/2000,12/4/2023
1582,Mint,F,10/26/2008,12/1/2023
1583,Lucy,F,7/1/1972,12/4/2023
1584,Annalise,F,3/7/1982,12/4/2023
1586,Fauna,F,12/9/1990,12/5/2023
1587,Gruff,M,8/11/2007,12/5/2023
1588,Chaba,F,7/15/1979,12/2/2023
1589,Merry,F,3/28/1982,12/7/2023
1590,Gloria,F,6/30/1999,12/7/2023
1591,Judy,F,10/2/1992,12/3/2023
1593,Rat,F,5/5/1982,12/1/2023
1594,Butch,M,8/6/1969,12/3/2023
1595,Kody,M,8/11/1967,12/8/2023
1596,Beau,M,8/28/1989,12/8/2023
1597,Pannee,F,8/14/1973,12/4/2023
1598,Sal,F,5/17/1981,12/1/2023
1599,KidCat,M,8/19/1964,12/2/2023
1600,Deena,F,9/29/1966,12/9/2023
1601,Hugh,M,8/26/1966,12/8/2023
1603,June,F,9/29/1962,12/10/2023
1604,Curt,M,8/15/1975,12/10/2023
1605,Bettina,F,5/1/1974,12/8/2023
1606,Mathilda,F,12/25/1983,12/4/2023
1607,Som-o,F,10/10/1999,12/11/2023
1608,Jambette,F,2/15/1960,12/12/2023
1609,Paula,F,5/18/1995,12/6/2023
1610,Chow,M,2/19/1965,12/13/2023
1611,Rodeo,M,1/19/1966,12/13/2023
1612,Boss,M,11/8/1990,12/14/2023
1613,Tarn,F,9/24/1988,12/12/2023
1614,Tata,F,7/9/1962,12/14/2023
1617,Del,M,4/26/1975,12/15/2023
1618,Bree,F,2/8/1975,12/15/2023
1619,Vladimir,M,7/4/1963,12/6/2023
1620,Curt,M,4/6/1961,12/14/2023
1622,Peach,M,3/26/1985,12/20/2023
1623,Ann,F,3/14/1996,12/20/2023
1624,Meena,F,4/24/1971,12/6/2023
1625,Limberg,M,6/17/1994,12/8/2023
1626,Kae,F,2/24/1980,12/7/2023
1627,Stu,M,9/20/1974,12/20/2023
1628,Bluebear,F,10/7/1999,12/13/2023
1629,Sylvana,F,11/24/1966,12/2/2023
1630,Mai,F,8/22/1992,12/23/2023
1631,Kevin,M,12/14/1995,12/18/2023
1632,Wade,M,3/4/1969,12/13/2023
1633,Kabuki,M,1/23/1972,12/3/2023
1634,Fern,F,7/23/1969,12/12/2023
1635,KidCat,M,11/24/1984,12/13/2023
1636,Timbra,F,2/2/1965,12/18/2023
1637,Aim,F,5/10/1961,12/5/2023
1638,Joey,M,11/20/1961,12/6/2023
1639,Fahfaah,F,5/27/1976,12/2/2023
1640,Champoo,F,8/5/1981,12/18/2023
1641,Annalise,F,11/16/1990,12/20/2023
1642,Mie,F,11/28/1988,12/13/2023
1643,Non,M,5/31/1969,12/12/2023
1644,Lalida,F,8/5/1969,12/8/2023
1645,Drago,M,2/4/2008,12/23/2023
1646,Melba,F,1/22/1981,12/16/2023
1648,Walt,M,1/27/1988,12/12/2023
1649,King,F,3/5/1965,12/7/2023
1650,Ricky,M,12/20/2001,12/6/2023
1651,Pan,F,8/8/1967,12/30/2023
1652,Rocket,F,5/4/1960,12/23/2023
1653,Pat,M,5/8/1986,12/7/2023
1654,Cheri,F,4/10/1993,12/15/2023
1655,Namwan,F,6/20/1961,12/30/2023
1656,Willow,F,7/24/1961,12/8/2023
1658,Kitt,F,4/2/1997,1/1/2024
1659,Nok,F,1/21/1969,1/1/2024
1660,Belle,F,11/24/2007,1/1/2024
1661,Sai,F,9/19/2008,1/1/2024
1662,Mon,M,1/19/2004,1/2/2024
1663,Namfon,F,10/30/1992,1/1/2024
1664,Ozzie,M,10/11/1989,1/2/2024
1665,Prince,M,6/3/1989,1/1/2024
1666,Patty,F,2/2/1974,1/2/2024
1667,Narumon,F,12/28/1968,1/3/2024
1668,Golf,M,6/28/2004,1/1/2024
1669,Por,F,6/24/1980,1/2/2024
1670,Candi,F,2/24/1974,1/5/2024
1671,Poncho,M,9/28/1970,1/2/2024
1672,Joy,F,1/21/1991,1/2/2024
1673,Ribbot,M,12/25/2006,1/3/2024
1674,Penelope,F,5/24/1978,1/3/2024
1675,Air,F,10/24/1976,1/2/2024
1676,Baabara,F,6/22/1971,1/5/2024
1677,Baabara,F,6/23/1996,1/3/2024
1678,Film,M,6/8/1977,1/2/2024
1679,Namwan,F,7/17/2004,1/8/2024
1680,Gala,F,5/4/2005,1/9/2024
1681,Mali,F,5/29/2006,1/4/2024
1682,Tay,M,4/9/2005,1/2/2024
1683,Cherry,F,4/21/1983,1/5/2024
1684,Portia,F,1/4/1973,1/4/2024
1685,Moss,M,2/8/1967,1/1/2024
1686,Montra,F,9/21/1963,1/5/2024
1687,Hornsby,M,7/11/1998,1/2/2024
1688,Ple,F,10/29/1987,1/5/2024
1689,Pancetti,F,9/7/1960,1/8/2024
1690,Tybalt,M,11/27/1966,1/3/2024
1691,Canberra,F,3/28/1972,1/3/2024
1692,Ta,F,11/27/1966,1/5/2024
1693,Cheri,F,3/20/1981,1/9/2024
1694,Rin,F,6/12/2003,1/3/2024
1695,Harry,M,6/20/1964,1/1/2024
1696,Deli,M,9/17/1978,1/12/2024
1697,Kao,M,6/6/1998,1/9/2024
1698,Film,M,9/18/1978,1/8/2024
1699,Buck,M,9/29/1989,1/1/2024
1700,Diana,F,1/9/1971,1/10/2024
1701,Claudia,F,11/1/1978,1/9/2024
1702,Hippeux,M,2/2/1980,1/2/2024
1703,Bao,F,4/14/1992,1/4/2024
1704,Marshal,M,9/5/1973,1/3/2024
1705,Gruff,M,12/27/1997,1/14/2024
1706,Ua,F,8/31/2005,1/4/2024
1707,Boat,M,7/3/1966,1/5/2024
1708,Hugh,M,2/28/1988,1/1/2024
1709,Fon,F,5/19/1997,1/9/2024
1710,Sara,F,2/16/1992,1/5/2024
1711,Chester,M,8/14/1963,1/12/2024
1712,Poncho,M,9/4/2001,1/8/2024
1713,Filbert,M,12/1/1990,1/4/2024
1714,Ae,F,9/6/1974,1/1/2024
1715,Lin,F,10/4/1988,1/5/2024
1716,Kyle,M,8/16/1980,1/4/2024
1717,Jane,F,10/4/1960,1/10/2024
1718,Pla,F,5/7/2004,1/9/2024
1719,Tad,M,11/11/2004,1/12/2024
1720,Gibzy,F,4/25/2000,1/23/2024
1721,Win,M,7/8/1993,1/5/2024
1722,Janjira,F,11/19/1965,1/8/2024
1723,Benz,M,1/27/1987,1/11/2024
1724,Vladimir,M,1/20/1985,1/4/2024
1725,Namfon,F,3/3/2007,1/19/2024
1726,Nong,F,6/18/2002,1/10/2024
1727,Lopez,M,4/6/1983,1/12/2024
1728,Peewee,M,4/11/1978,1/16/2024
1729,Ua,F,4/8/1960,1/19/2024
1730,Kim,M,4/10/1965,1/3/2024
1731,Jayda,F,10/21/1975,1/8/2024
1732,Quillson,M,5/20/1966,1/2/2024
1733,Roald,M,10/1/1969,2/1/2024
1734,Coco,F,3/19/1983,2/3/2024
1736,Bam,F,5/6/1970,2/3/2024
1737,Pannee,F,1/23/1998,2/2/2024
1738,Tuk,M,7/20/1962,2/1/2024
1739,Rizzo,M,11/2/2001,2/3/2024
1740,Mathilda,F,9/18/1989,2/2/2024
1741,Moji,F,3/12/1986,2/1/2024
1742,Static,M,11/9/1995,2/5/2024
1743,Jacob,M,7/4/1961,2/5/2024
1744,Truffles,F,10/7/1994,2/1/2024
1745,Champ,M,7/25/1976,2/5/2024
1746,Jinnie,F,2/2/1968,2/5/2024
1748,Rada,F,12/1/1972,2/2/2024
1749,Tata,F,12/22/1974,2/1/2024
1750,Sam,M,4/3/1991,2/2/2024
1751,Namfon,F,9/11/1998,2/1/2024
1752,Rat,F,8/24/1996,2/7/2024
1753,Daisy,F,1/27/2008,2/5/2024
1754,Moo,F,9/21/1988,2/2/2024
1755,Plucky,F,7/21/1991,2/1/2024
1756,Prim,F,1/7/2007,2/9/2024
1757,Sam,M,8/15/1970,2/8/2024
1758,Kyle,M,8/13/1980,2/6/2024
1759,King,F,6/7/1985,2/10/2024
1760,Pompom,F,5/21/2004,2/9/2024
1761,Shep,M,6/28/1965,2/2/2024
1762,Katty,F,4/8/1983,2/7/2024
1763,Lucky,M,3/27/2001,2/14/2024
1764,Sandy,F,11/26/1962,2/12/2024
1765,Fa,F,3/6/1984,2/13/2024
1766,Korn,M,1/3/1999,2/4/2024
1767,Marshal,M,4/30/1987,2/8/2024
1768,Stinky,M,4/8/1967,2/16/2024
1769,Yum,F,2/14/1982,2/8/2024
1770,Deli,M,2/11/1982,2/9/2024
1771,Chevre,F,1/10/2005,2/9/2024
1772,Astrid,F,1/26/1981,2/3/2024
1773,Wan,F,8/5/1961,2/5/2024
1774,Pee,M,5/28/1991,2/15/2024
1775,Vee,F,3/7/1980,2/3/2024
1776,Yui,F,11/1/1990,2/12/2024
1777,Chadder,M,1/25/1981,2/19/2024
1778,Tik,F,4/19/1980,2/21/2024
1779,Pee,M,6/27/1988,2/14/2024
1780,Tarn,M,3/30/2008,2/2/2024
1781,Miranda,F,9/10/2000,2/6/2024
1782,Boss,M,3/25/1990,2/9/2024
1783,Mint,F,3/14/1967,2/14/2024
1784,Poppy,F,11/30/1961,2/9/2024
1785,Tarn,F,4/16/1974,2/11/2024
1786,Ed,M,10/18/2000,2/20/2024
1787,Bunnie,F,7/6/1991,2/12/2024
1788,Maliwan,F,4/27/1993,2/16/2024
1789,View,M,1/11/1990,2/16/2024
1790,Ging,F,11/16/1983,2/12/2024
1791,Bud,M,4/18/1986,2/6/2024
1792,Krit,M,4/26/1978,2/7/2024
1793,Chrissy,F,2/22/1991,2/3/2024
1794,Minnie,F,11/16/1973,2/5/2024
1795,Biff,M,7/1/1996,3/1/2024
1796,Knox,M,9/13/1981,3/2/2024
1798,Minnie,F,2/28/1981,3/2/2024
1799,Meen,F,3/8/1973,3/1/2024
1800,Bob,M,3/1/1998,3/1/2024
1801,Dizzy,M,6/16/1980,3/1/2024
1802,Maggie,F,4/6/2007,3/4/2024
1803,Walt,M,4/1/2006,3/1/2024
1804,Cake,F,8/6/1975,3/1/2024
1805,Merry,F,7/25/1990,3/5/2024
1806,Cartoon,F,9/23/1993,3/1/2024
1807,Louie,M,11/28/1998,3/6/2024
1808,Candi,F,6/23/1967,3/4/2024
1809,Fifa,F,5/20/1993,3/6/2024
1810,Judy,F,3/16/2007,3/3/2024
1811,Ava,F,10/20/2002,3/1/2024
1812,Lolly,F,9/25/2004,3/4/2024
1813,Lyman,M,9/27/1991,3/3/2024
1814,Willow,F,9/1/1978,3/7/2024
1815,Gun,M,7/29/1980,3/1/2024
1816,Claudia,F,1/23/1996,3/8/2024
1817,Tuk,F,10/25/1962,3/4/2024
1818,Note,M,7/24/1994,3/4/2024
1819,Sylvia,F,12/16/1999,3/8/2024
1820,Naomi,F,6/24/1962,3/6/2024
1821,Pimdao,F,1/8/1960,3/13/2024
1822,Dotty,F,4/29/1975,3/3/2024
1823,Lucy,F,4/24/2006,3/11/2024
1824,Cookie,F,3/14/2003,3/5/2024
1825,Twiggy,F,12/31/1966,3/14/2024
1826,Gaston,M,7/3/1973,3/8/2024
1827,Waan,F,8/30/1970,3/3/2024
1828,Peanut,F,4/30/1969,3/4/2024
1829,Gam,F,12/17/1991,3/12/2024
1830,Cobb,M,6/24/1994,3/10/2024
1831,Lolly,F,4/17/1974,3/1/2024
1832,Keaton,M,1/30/1960,3/15/2024
1833,Buck,M,7/20/1979,3/8/2024
1834,Pietro,M,1/13/1962,3/12/2024
1835,Gigi,F,6/13/1977,3/12/2024
1836,Katt,F,4/27/1968,3/11/2024
1837,Amelia,F,12/11/1987,3/5/2024
1838,Octavian,M,1/17/1995,3/19/2024
1839,Jame,M,12/22/1969,3/9/2024
1840,Derwin,M,12/23/1966,3/11/2024
1841,Julia,F,8/31/2005,3/3/2024
1842,Tipper,F,7/23/1994,3/18/2024
1843,Kwan,F,3/8/1964,3/1/2024
1844,YingYing,F,6/26/1963,3/4/2024
1845,Penelope,F,8/27/1960,3/20/2024
1846,Egbert,M,4/5/1978,3/5/2024
1847,Mai,F,7/1/1979,3/13/2024
1848,Best,M,9/1/1963,3/16/2024
1849,Elvis,M,4/20/1996,3/18/2024
1850,Paew,F,2/16/1965,3/8/2024
1851,Mew,F,11/9/1999,3/9/2024
1852,Julian,M,7/27/1991,3/21/2024
1853,Pannee,F,2/8/1988,3/20/2024
1854,Melba,F,1/9/1982,3/1/2024
1855,Keaton,M,8/17/1966,3/20/2024
1856,Lucha,M,1/7/1994,3/14/2024
1857,Zin,F,3/27/1979,3/12/2024
1858,Dobie,M,8/26/1979,3/6/2024
1859,Aoy,F,8/5/2005,3/7/2024
1860,Maple,F,5/1/2002,3/18/2024
1861,Frita,F,1/15/1997,3/21/2024
1863,Zee,M,3/8/1967,3/15/2024
1864,Walker,M,7/5/1973,4/1/2024
1865,Marshal,M,4/5/2003,4/1/2024
1866,Julian,M,2/23/1968,4/1/2024
1867,Ben,M,2/5/1971,4/1/2024
1868,Kiki,F,1/1/1986,4/1/2024
1870,Astrid,F,9/15/1962,4/2/2024
1871,Teddy,M,7/24/1989,4/3/2024
1872,Jambette,F,8/5/1963,4/2/2024
1873,Apollo,M,6/11/1976,4/5/2024
1874,Cobb,M,8/16/1998,4/5/2024
1875,First,M,1/5/1978,4/4/2024
1876,Murphy,M,4/13/1993,4/6/2024
1877,Freya,F,11/9/1976,4/4/2024
1878,Greta,F,3/2/1985,4/2/2024
1879,Lita,F,8/22/1967,4/4/2024
1880,Muffy,F,8/14/1981,4/1/2024
1881,Fai,F,6/29/1971,4/5/2024
1882,Punchy,M,7/6/2000,4/8/2024
1883,Coach,M,3/12/1966,4/9/2024
1884,Benjamin,M,2/11/2005,4/2/2024
1885,Robin,F,4/20/1985,4/3/2024
1886,Pom,F,8/19/1960,4/10/2024
1887,Punchy,M,1/31/1986,4/1/2024
1888,Fandy,F,12/27/1960,4/9/2024
1889,Ike,M,5/12/2000,4/12/2024
1891,Khim,F,11/24/1970,4/2/2024
1892,Iya,F,10/18/1984,4/11/2024
1893,Ben,M,11/3/1961,4/14/2024
1894,Duen,F,2/11/2004,4/5/2024
1895,Spike,M,2/28/1992,4/10/2024
1896,Jacob,M,11/21/1986,4/15/2024
1897,Genji,M,1/3/1981,4/4/2024
1898,Vivian,F,7/16/2003,4/16/2024
1900,Gin,F,4/1/2003,4/13/2024
1901,Mew,F,10/27/1984,4/7/2024
1902,Gayle,F,11/7/1993,4/2/2024
1903,Rodeo,M,5/17/1983,4/1/2024
1904,Pun,F,1/23/1983,4/9/2024
1905,Fuchsia,F,12/13/1993,4/17/2024
1906,Chompoo,F,5/1/1985,4/5/2024
1907,Nate,M,4/12/1992,4/20/2024
1908,Sydney,F,9/21/1977,4/11/2024
1909,Na,F,8/27/2003,4/7/2024
1910,Oil,F,7/14/1992,4/19/2024
1911,Julia,F,2/23/1966,4/5/2024
1912,Cube,M,9/5/1976,4/1/2024
1913,Carrie,F,12/27/1965,4/1/2024
1914,Sam,M,12/17/1969,4/4/2024
1915,Momo,F,10/11/1970,4/21/2024
1916,Ohm,M,1/1/1987,4/3/2024
1918,Raddle,M,8/10/1972,4/3/2024
1919,Kody,M,6/16/1960,4/9/2024
1920,Pom,F,11/2/2004,4/19/2024
1922,Knox,M,12/29/2004,4/2/2024
1923,Ammy,F,8/17/1992,4/24/2024
1924,Noon,F,12/4/1994,4/20/2024
1925,Lin,F,4/20/1980,4/6/2024
1926,Penelope,F,9/27/1982,4/2/2024
1927,Ai,F,4/7/1970,4/9/2024
1928,Bow,F,7/25/1977,4/19/2024
1929,Kae,F,1/10/1983,4/17/2024
1930,Ging,F,9/12/1960,4/7/2024
1931,Pat,F,9/7/1991,4/12/2024
1932,Snake,M,12/3/1966,4/19/2024
1933,Vee,F,6/25/1973,4/7/2024
1934,Max,M,6/12/1986,4/23/2024
1935,Ka,F,5/17/1983,4/20/2024
1936,Dotty,F,4/18/2006,4/4/2024
1937,Wendy,F,3/9/1978,4/19/2024
1938,Ken,M,7/15/1985,5/1/2024
1939,Snooty,F,10/17/1961,5/1/2024
1941,Snooty,F,3/4/1988,5/1/2024
1942,June,F,7/3/2002,5/1/2024
1943,Orn,F,11/8/2000,5/1/2024
1944,Parn,F,11/15/2005,5/2/2024
1946,Chadder,M,4/13/1984,5/4/2024
1947,Merengue,F,6/15/1971,5/4/2024
1948,Spike,M,5/25/1999,5/3/2024
1949,Tata,F,9/3/1972,5/2/2024
1951,Ribbot,M,9/22/1979,5/5/2024
1952,Annalise,F,1/26/1981,5/6/2024
1953,Admiral,M,8/6/1974,5/6/2024
1954,Eugene,M,11/24/1995,5/6/2024
1955,Cleo,F,10/29/1979,5/6/2024
1956,Bua,F,10/22/2001,5/2/2024
1957,Eugene,M,11/2/1991,5/8/2024
1958,Mac,M,5/27/1993,5/8/2024
1959,Cherry,F,3/17/1969,5/2/2024
1961,Ken,M,12/17/1961,5/3/2024
1962,Boris,M,6/6/2002,5/3/2024
1964,Rhonda,F,6/30/1960,5/11/2024
1965,Ammy,F,9/16/1994,5/6/2024
1966,Pimdao,F,2/19/1960,5/13/2024
1967,Kan,F,6/17/1967,5/7/2024
1968,Deena,F,7/2/1968,5/5/2024
1969,Benz,M,1/21/2005,5/2/2024
1970,Oak,M,2/21/1975,5/14/2024
1971,Vladimir,M,2/12/1998,5/3/2024
1972,Paolo,M,6/13/1979,5/2/2024
1973,Pannee,F,11/13/1979,5/17/2024
1974,Julian,M,3/28/1965,5/3/2024
1975,Butch,M,4/9/2004,5/10/2024
1976,Ribbot,M,8/8/1966,5/16/2024
1978,Pango,F,2/7/1986,5/20/2024
1979,Ohm,M,11/11/1961,5/8/2024
1980,Lalisa,F,12/1/1994,5/21/2024
1981,Gibzy,F,3/25/1987,5/21/2024
1983,Astrid,F,7/2/1988,5/16/2024
1986,Sylvia,F,4/2/2004,5/13/2024
1987,Pudge,M,9/28/1962,5/20/2024
1988,Roscoe,M,2/28/1966,5/1/2024
1989,Pate,F,11/17/2006,5/17/2024
1990,Peach,M,4/9/2003,5/13/2024
1991,Francine,F,4/24/1961,5/21/2024
1992,Kevin,M,1/18/1998,5/3/2024
1993,Mallary,F,3/28/1966,5/20/2024
1994,Peaches,F,5/10/1985,5/8/2024
1995,Pon,M,2/9/2000,5/10/2024
1996,Ping,F,6/10/2007,5/9/2024
1997,Alfonso,M,6/25/1970,5/14/2024
1998,Lucha,M,2/7/1998,5/9/2024
1999,Narumon,F,5/11/1977,5/27/2024
2000,Timbra,F,9/13/1989,5/13/2024
2001,Katty,F,2/27/2007,5/28/2024
2002,Weber,M,6/8/2008,5/15/2024
2003,Sam,M,3/20/1994,6/1/2024
2004,Anchovy,M,10/15/1973,6/1/2024
2005,Som,F,9/30/1976,6/1/2024
2006,BuaLoy,F,5/13/1960,6/2/2024
2007,Boots,M,10/9/2003,6/2/2024
2008,Coach,M,2/22/1961,6/2/2024
2009,Baifern,F,5/21/1986,6/1/2024
2010,Filbert,M,3/12/1986,6/3/2024
2011,Kam,F,8/26/1973,6/3/2024
2012,Iggly,M,2/2/1972,6/2/2024
2013,Rizzo,M,2/22/2003,6/4/2024
2014,Truffles,F,9/1/1976,6/4/2024
2015,Chrissy,F,8/12/1964,6/1/2024
2016,Win,M,2/22/1979,6/5/2024
2017,Megan,F,6/28/1994,6/5/2024
2019,Benedict,M,2/15/1980,6/5/2024
2020,Song,F,10/6/1992,6/5/2024
2021,Dizzy,M,6/18/1990,6/4/2024
2022,Cousteau,M,2/11/1984,6/7/2024
2023,Dan,M,11/23/1970,6/5/2024
2025,Drake,M,5/30/2008,6/8/2024
2026,Coach,M,12/13/1972,6/8/2024
2027,Sprinkle,F,1/17/1974,6/8/2024
2028,Purrl,F,9/28/1972,6/8/2024
2029,Duen,F,11/30/1983,6/8/2024
2030,Ling,F,7/9/1979,6/7/2024
2031,Jibby,F,11/21/1970,6/9/2024
2032,Caroline,F,9/18/1975,6/10/2024
2033,Amelia,F,10/19/2004,6/6/2024
2034,Bow,F,9/17/1991,6/10/2024
2036,Pom,F,2/2/1980,6/12/2024
2038,Kat,F,8/24/1981,6/9/2024
2040,Paew,F,1/18/2000,6/13/2024
2041,Rocco,M,10/24/1971,6/1/2024
2042,Biskit,M,12/23/2001,6/14/2024
2043,Jan,F,6/2/2000,6/14/2024
2044,Aim,F,6/27/1967,6/2/2024
2045,Tia,F,12/25/1983,6/15/2024
2046,BigTop,M,9/30/1989,6/15/2024
2047,Joy,F,5/12/2008,6/16/2024
2048,Velma,F,2/8/1977,6/1/2024
2049,Alice,F,1/1/1982,6/11/2024
2050,Stinky,M,12/18/1996,6/11/2024
2051,Static,M,3/25/1979,6/12/2024
2053,Jambette,F,7/13/1982,6/19/2024
2054,Mali,F,10/2/1979,6/10/2024
2055,Graham,M,6/28/2001,6/21/2024
2056,Lucky,M,3/5/1993,6/15/2024
2058,Win,F,12/24/2004,6/4/2024
2059,Victoria,F,11/1/1983,6/8/2024
2061,Ball,M,9/14/1995,6/17/2024
2063,Buzz,M,2/23/1986,6/2/2024
2064,Jeremiah,M,8/30/1980,6/24/2024
2065,Apple,F,7/22/1997,6/10/2024
2066,Joy,F,9/4/2007,6/22/2024
2067,Mac,M,12/18/1996,6/10/2024
2068,Boyd,M,10/16/1977,6/26/2024
2069,Pla,F,5/19/1988,6/27/2024
2070,Peach,M,10/24/1966,6/7/2024
2071,Gift,F,2/20/1979,6/4/2024
2072,Cartoon,F,11/14/1990,6/20/2024
2074,Tad,M,11/9/2002,6/28/2024
2075,Tawan,M,5/6/1960,6/28/2024
2076,Monty,M,4/26/2005,7/1/2024
2077,Sherb,M,4/9/2006,7/2/2024
2078,Champ,M,7/6/1961,7/2/2024
2079,Grace,F,3/9/1966,7/2/2024
2080,Cousteau,M,4/11/1982,7/3/2024
2081,Mai,F,1/26/1979,7/2/2024
2082,Bettina,F,12/23/1984,7/2/2024
2083,Ammy,F,1/13/1981,7/4/2024
2084,Henry,M,11/19/1984,7/4/2024
2085,Rocco,M,9/3/2004,7/4/2024
2086,Sylvia,F,8/11/1971,7/3/2024
2087,Gin,F,6/25/1976,7/5/2024
2088,Benedict,M,3/23/1993,7/6/2024
2089,Roscoe,M,1/5/1994,7/6/2024
2090,Oum,F,9/17/1969,7/3/2024
2092,Meen,F,9/17/1962,7/7/2024
2093,Jan,F,5/26/1982,7/8/2024
2094,Drift,M,12/10/1971,7/8/2024
2095,Cyd,M,11/25/1973,7/8/2024
2096,Boom,F,12/3/2004,7/9/2024
2097,Bas,M,3/24/1984,7/9/2024
2098,Ling,F,4/14/1965,7/9/2024
2099,Ketchup,F,3/24/1964,7/2/2024
2100,Victoria,F,12/30/2002,7/11/2024
2101,Am,F,6/2/1972,7/11/2024
2102,WartJr,M,1/14/1979,7/1/2024
2103,Beau,M,12/18/1994,7/12/2024
2104,Rudy,M,12/27/1967,7/1/2024
2105,Mira,F,8/18/1963,7/10/2024
2106,Note,M,1/20/1974,7/4/2024
2107,Beardo,M,11/25/2008,7/4/2024
2108,Opal,F,9/30/1960,7/13/2024
2109,Tipper,F,7/6/1983,7/9/2024
2110,Ice,F,12/30/1961,7/8/2024
2111,Lily,F,3/7/1960,7/2/2024
2112,Weber,M,5/27/1972,7/12/2024
2113,Pippy,F,11/24/1966,7/6/2024
2114,Goose,M,1/31/1993,7/5/2024
2116,Joey,M,10/14/1971,7/4/2024
2117,Henry,M,1/3/2001,7/18/2024
2118,Jaa,F,9/12/1994,7/20/2024
2119,Na,F,12/13/1972,7/13/2024
2120,Bruce,M,1/15/1966,7/16/2024
2121,Aor,F,4/6/1981,7/19/2024
2122,Namfon,F,7/14/1992,7/17/2024
2124,Cyrano,M,1/18/2004,7/22/2024
2125,Stinky,M,7/16/1984,7/13/2024
2126,Jay,M,8/1/1988,7/8/2024
2127,Fah,F,11/20/2005,7/1/2024
2128,Gaston,M,8/15/1998,7/2/2024
2129,Peanut,F,9/28/1986,7/1/2024
2130,Lobo,M,11/28/2002,7/9/2024
2131,Korn,M,7/13/1987,7/10/2024
2132,Ed,M,8/23/1998,7/16/2024
2133,Gladys,F,1/24/1985,7/14/2024
2134,Frobert,M,6/27/1977,7/8/2024
2135,Walker,M,1/13/1963,7/6/2024
2136,Belle,F,9/12/1991,7/24/2024
2137,Nan,F,7/14/1985,7/25/2024
2138,Clay,M,6/27/1971,7/5/2024
2141,Tia,F,11/21/1962,7/11/2024
2142,Carrie,F,7/1/1990,7/5/2024
2143,Mook,F,3/1/1965,7/8/2024
2144,Chaba,F,5/16/1987,7/13/2024
2145,Som-o,F,9/15/1990,7/27/2024
2146,Ketchup,F,3/11/2008,7/26/2024
2147,Joom,F,6/27/1969,7/3/2024
2148,Moe,M,9/5/1978,7/8/2024
2149,Al,M,4/6/1980,7/14/2024
2151,Sally,F,5/22/1985,7/8/2024
2152,Mint,F,7/28/1986,7/17/2024
2153,Lucky,M,11/30/1981,7/25/2024
2154,Mint,F,4/25/2001,8/1/2024
2155,Hans,M,6/25/1996,8/1/2024
2156,Pam,F,11/11/1969,8/1/2024
2157,Bonbon,F,5/3/1995,8/1/2024
2158,Tipper,F,7/8/1972,8/1/2024
2159,Katty,F,11/29/1985,8/2/2024
2160,Mac,M,5/23/1981,8/2/2024
2162,Tipper,F,10/11/1993,8/3/2024
2163,Gam,F,11/12/1974,8/2/2024
2164,Torrung,F,4/2/1991,8/3/2024
2165,Peach,F,5/1/1998,8/2/2024
2167,Gae,F,3/30/1974,8/3/2024
2169,Cobb,M,12/11/1981,8/5/2024
2170,Spork,M,6/21/1982,8/2/2024
2171,Wolfgang,M,1/16/1960,8/2/2024
2172,Muffy,F,10/20/1962,8/2/2024
2173,Carmen,F,4/17/1978,8/6/2024
2174,Raddle,M,12/4/1996,8/6/2024
2175,Jitters,M,10/21/1985,8/6/2024
2176,Cashmere,F,12/9/1996,8/2/2024
2178,Boyd,M,2/11/1980,8/7/2024
2179,Shep,M,6/1/1981,8/7/2024
2180,Janie,F,7/4/2002,8/8/2024
2181,Pekoe,F,3/18/1962,8/9/2024
2183,Goy,F,6/29/1989,8/9/2024
2184,Amp,F,1/7/1960,8/7/2024
2185,Tex,M,5/12/1988,8/6/2024
2186,Sylvia,F,5/13/2002,8/8/2024
2189,Friga,F,5/10/1994,8/15/2024
2190,Jambette,F,11/18/1975,8/5/2024
2191,Alli,F,9/23/1976,8/16/2024
2192,Rizzo,M,8/11/1964,8/15/2024
2193,Diana,F,3/30/1963,8/2/2024
2195,Louie,M,6/1/1965,8/3/2024
2196,Kody,M,5/20/1984,8/5/2024
2197,Bitty,F,11/27/1967,8/2/2024
2198,Na,F,11/7/1980,8/9/2024
2199,Kody,M,7/21/1981,8/13/2024
2200,Tee,F,2/22/2002,8/9/2024
2201,Kaeo,F,9/11/1975,8/6/2024
2202,Maliwan,F,10/29/2001,8/14/2024
2203,Francine,F,8/5/2000,8/5/2024
2204,Carmen,F,12/15/1981,8/16/2024
2205,Ann,F,7/19/1983,8/2/2024
2206,Ink,F,5/19/1969,8/19/2024
2207,Na,F,12/3/2001,8/9/2024
2208,Anicotti,F,11/18/1973,8/14/2024
2209,Oum,F,3/11/1974,8/5/2024
2211,Yum,F,9/4/1976,8/15/2024
2212,Neng,M,8/2/1979,8/22/2024
2213,Charlise,F,9/18/1994,8/10/2024
2214,Dreamy,F,11/8/1971,8/25/2024
2215,Rada,F,2/16/1996,8/15/2024
2216,Poy,F,1/20/1998,8/9/2024
2217,Murphy,M,6/27/2007,8/21/2024
2218,Ping,F,3/24/1983,8/4/2024
2219,Tybalt,M,10/7/1996,8/7/2024
2220,Derwin,M,12/18/2006,8/21/2024
2221,Kitt,F,3/20/1979,8/7/2024
2222,Sprinkle,F,12/13/1987,8/13/2024
2223,Ping,F,12/21/1976,8/17/2024
2224,NamTan,F,5/8/1988,8/12/2024
2225,Lynn,F,3/24/1992,8/6/2024
2226,Meena,F,9/1/1970,8/7/2024
2227,Moe,M,4/5/1982,8/10/2024
2229,Pekoe,F,7/12/1968,8/5/2024
2230,Knox,M,5/1/1995,8/2/2024
2231,Pippy,F,12/24/1977,8/31/2024
2232,Aun,F,10/9/1983,8/14/2024
2233,Pat,M,9/20/1964,8/29/2024
2234,Fauna,F,5/17/1979,9/1/2024
2235,Roscoe,M,11/6/1961,9/2/2024
2236,Bam,M,3/10/1982,9/2/2024
2237,Charlise,F,4/9/1993,9/3/2024
2238,Chow,M,7/8/1963,9/2/2024
2239,Aey,F,6/4/1968,9/4/2024
2240,Wade,M,1/29/1997,9/2/2024
2241,Joey,M,8/27/1999,9/6/2024
2242,Moe,M,3/4/2008,9/2/2024
2243,Koi,F,11/24/2004,9/6/2024
2244,Jaja,F,5/1/2008,9/4/2024
2245,Flurry,F,9/4/1962,9/2/2024
2247,Nim,F,10/6/1985,9/7/2024
2248,Jeab,F,12/8/1961,9/8/2024
2249,Fandy,F,2/27/1965,9/3/2024
2250,Murphy,M,1/20/1993,9/6/2024
2251,Coach,M,8/7/1977,9/9/2024
2252,Kody,M,3/16/2004,9/6/2024
2253,Pim,F,6/6/1993,9/10/2024
2254,Raddle,M,10/1/2004,9/10/2024
2255,Poppy,F,12/29/1981,9/11/2024
2256,Meow,F,10/27/1994,9/4/2024
2257,Flurry,F,11/6/1967,9/4/2024
2258,Knox,M,4/28/1962,9/11/2024
2259,Jin,F,1/1/1973,9/12/2024
2260,Anchovy,M,6/7/2008,9/13/2024
2261,Som,F,7/30/1978,9/13/2024
2262,Sandy,F,1/16/2004,9/14/2024
2263,Roscoe,M,6/20/1981,9/13/2024
2264,Kanyawee,F,12/16/1974,9/4/2024
2265,Eunice,F,12/7/1982,9/7/2024
2266,Velma,F,2/18/1983,9/13/2024
2267,Coach,M,9/19/1963,9/2/2024
2270,Lalita,F,10/12/1968,9/4/2024
2271,Gigi,F,3/23/2007,9/18/2024
2272,Frank,M,4/15/1974,9/14/2024
2273,Jeab,F,9/3/1978,9/4/2024
2274,Merry,F,5/17/1984,9/6/2024
2275,Ribbot,M,2/24/1971,9/2/2024
2276,Ozzie,M,12/14/2004,9/19/2024
2277,Static,M,2/4/1994,9/4/2024
2278,Noon,F,12/8/2001,9/19/2024
2280,Audie,F,2/5/1980,9/18/2024
2281,Peck,M,11/1/1999,9/20/2024
2282,Static,M,2/7/1980,9/6/2024
2283,Audie,F,11/6/1989,9/4/2024
2285,Pin,F,6/5/1993,9/24/2024
2286,Huck,M,5/31/1963,9/4/2024
2287,Rose,F,12/26/1978,9/12/2024
2289,Ursala,F,4/2/1980,9/17/2024
2290,Moe,M,9/11/1986,9/17/2024
2291,Midge,F,1/29/1986,9/29/2024
2292,Napa,F,4/8/1998,9/29/2024
2293,BamBam,F,5/7/1981,9/29/2024
2294,Phoebe,F,4/25/1995,9/10/2024
2296,Peggy,F,6/7/1996,10/1/2024
2297,Nate,M,4/18/1996,10/1/2024
2298,Pun,F,1/19/1979,10/1/2024
2299,Rin,F,10/17/1973,10/2/2024
2300,Kitty,F,9/18/1993,10/3/2024
2301,Nara,F,4/17/1968,10/3/2024
2303,Margie,F,11/5/1997,10/4/2024
2304,Benjamin,M,8/1/1989,10/4/2024
2305,Montra,F,7/20/1992,10/1/2024
2306,Rocco,M,7/4/2007,10/5/2024
2307,Penelope,F,4/24/1994,10/6/2024
2308,Reneigh,F,5/11/2005,10/6/2024
2309,Tawan,M,1/24/1996,10/1/2024
2311,Stu,M,6/8/2001,10/8/2024
2313,Lucy,F,7/11/1975,10/9/2024
2314,Maprang,F,5/24/1975,10/9/2024
2316,Broffina,F,6/5/1974,10/3/2024
2317,Kaew,F,5/5/1996,10/10/2024
2318,Tucker,M,12/8/1977,10/5/2024
2319,Win,F,5/25/1993,10/10/2024
2321,Moo,F,10/31/2002,10/12/2024
2322,Cesar,M,2/19/1991,10/13/2024
2323,Gaston,M,12/21/1991,10/13/2024
2324,Avery,M,8/24/1971,10/9/2024
2325,Best,M,12/26/1975,10/14/2024
2326,Jaa,F,12/20/1978,10/4/2024
2327,Rod,M,2/9/1992,10/8/2024
2328,Dream,F,3/1/2004,10/2/2024
2329,Lobo,M,1/22/2000,10/4/2024
2330,Jambette,F,7/11/1974,10/7/2024
2331,Katt,F,2/28/1997,10/14/2024
2332,Chow,M,12/18/1990,10/2/2024
2333,Boyd,M,6/9/1996,10/9/2024
2334,Pear,F,11/5/1967,10/17/2024
2335,Rizzo,M,1/14/1980,10/7/2024
2336,Timbra,F,8/22/2004,10/9/2024
2337,Tia,F,7/30/1976,10/18/2024
2338,Lynn,F,5/16/1961,10/19/2024
2339,Drago,M,5/14/1989,10/9/2024
2340,Jazz,F,3/6/2004,10/8/2024
2341,Marshal,M,6/7/1968,10/10/2024
2342,Phil,M,1/1/1985,10/1/2024
2343,Tangy,F,8/31/1960,10/21/2024
2344,Paew,F,3/20/1976,10/4/2024
2345,Sai,F,8/13/1988,10/16/2024
2346,Billy,M,7/3/1968,10/21/2024
2347,Stitches,M,11/12/1966,10/7/2024
2348,Axel,M,5/15/1980,10/9/2024
2349,Goy,F,7/23/1960,10/8/2024
2350,Orn,F,4/18/2002,10/21/2024
2351,Dreamy,F,10/9/1967,10/7/2024
2352,Klaus,M,9/1/1989,10/7/2024
2353,Vladimir,M,10/29/1989,10/18/2024
2354,Croque,M,7/28/1997,10/11/2024
2355,WartJr,M,11/11/1967,10/21/2024
2356,Aun,M,11/13/1966,10/19/2024
2357,Boat,M,8/23/1978,10/7/2024
2358,Maggie,F,4/2/1962,10/8/2024
2359,Max,M,6/4/1975,10/10/2024
2361,Jib,F,5/13/1992,10/8/2024
2362,BigTop,M,6/5/1985,10/25/2024
2363,Pang,F,11/27/2002,10/3/2024
2364,Pecan,F,7/13/1977,10/30/2024
2365,Fa,F,6/10/2004,10/3/2024
2367,Greta,F,10/13/1961,10/11/2024
2368,Flora,F,2/18/1996,10/8/2024
2369,Kyle,M,8/22/1979,10/13/2024
2370,Cyrano,M,6/24/2003,10/22/2024
2371,Neng,M,8/9/1971,11/1/2024
2372,Mallary,F,1/18/1972,11/1/2024
2373,Yam,F,3/26/1983,11/2/2024
2374,Anchovy,M,6/4/1962,11/2/2024
2376,Cheri,F,1/17/1978,11/4/2024
2377,Pimdao,F,1/20/1975,11/5/2024
2378,Nan,F,5/6/2000,11/5/2024
2379,Pang,F,2/16/1980,11/5/2024
2380,Honey,F,1/2/1977,11/7/2024
2381,Kidd,M,7/23/1967,11/7/2024
2382,Ple,F,1/6/1994,11/4/2024
2383,Big,M,12/13/2004,11/4/2024
2384,Ruby,F,12/30/1962,11/1/2024
2385,Stinky,M,8/17/1990,11/9/2024
2386,Sai,F,2/26/1986,11/10/2024
2389,Murphy,M,12/11/1961,11/4/2024
2390,Genji,M,7/1/2004,11/8/2024
2392,Pancetti,F,3/12/1967,11/12/2024
2394,Ta,F,7/15/1961,11/12/2024
2395,Alli,F,1/31/1992,11/15/2024
2396,Poncho,M,4/7/2003,11/16/2024
2397,Grace,F,5/20/2006,11/2/2024
2399,Jeremiah,M,11/22/2006,11/1/2024
2402,Gala,F,2/26/1991,11/12/2024
2403,Orn,F,5/19/2001,11/12/2024
2404,Fern,F,10/5/1977,11/5/2024
2405,Elise,F,6/21/1982,11/4/2024
2406,Boots,M,6/1/1973,11/17/2024
2407,Maysa,F,6/13/1986,11/20/2024
2408,Carrie,F,1/11/1968,11/1/2024
2409,Zen,F,8/29/1976,11/7/2024
2411,Phil,M,4/11/2005,11/12/2024
2412,Som-o,F,3/6/1977,11/11/2024
2414,Peaches,F,9/18/1978,11/9/2024
2415,Fahfaah,F,12/29/2006,11/2/2024
2417,Tex,M,12/3/1976,11/12/2024
2418,Nam,F,8/13/2005,11/1/2024
2419,Gala,F,8/23/1995,11/22/2024
2420,Ike,M,6/3/2007,11/6/2024
2421,Jame,M,6/23/1995,11/7/2024
2422,Duen,F,9/11/2007,11/9/2024
2423,Song,F,3/11/1994,11/4/2024
2424,Poy,F,6/27/1991,11/1/2024
2427,Kao,F,10/19/1995,11/20/2024
2428,Renรฉe,F,1/17/1969,11/14/2024
2429,Ruby,F,5/3/2006,11/5/2024
2430,Peewee,M,11/1/1997,11/1/2024
2432,Barold,M,3/6/2007,11/12/2024
2433,Korn,M,9/10/1975,12/1/2024
2435,Sparro,M,2/22/2008,12/1/2024
2437,Beau,M,1/3/1965,12/2/2024
2438,Rada,F,5/27/1973,12/2/2024
2439,Rolf,M,11/9/1984,12/2/2024
2441,Gibzy,F,1/8/1997,12/3/2024
2442,Korn,M,4/9/1992,12/3/2024
2443,Annalise,F,8/5/1964,12/3/2024
2445,Dotty,F,2/22/1990,12/4/2024
2449,Amelia,F,4/1/1962,12/5/2024
2450,Peck,M,12/29/1988,12/7/2024
2452,Ken,M,1/19/1983,12/2/2024
2455,Na,F,2/15/1984,12/8/2024
2456,Alfonso,M,9/7/2006,12/9/2024
2457,Bangle,F,8/7/1962,12/7/2024
2459,Jack,M,3/29/2003,12/6/2024
2460,Mitzi,F,12/29/1979,12/6/2024
2464,Jeed,F,2/3/1983,12/13/2024
2465,Pat,M,2/27/1967,12/10/2024
2466,Fandy,F,1/17/1961,12/9/2024
2468,Simon,M,5/29/1964,12/15/2024
2469,Palm,M,5/26/1972,12/5/2024
2471,Dan,M,7/4/1965,12/10/2024
2472,Roscoe,M,7/18/1991,12/18/2024
2473,Yui,F,7/16/2006,12/14/2024
2476,Ruby,F,1/13/1984,12/13/2024
2479,Graham,M,2/19/2008,12/9/2024
2480,Willow,F,10/28/1986,12/19/2024
2481,Pannee,F,7/27/1977,12/13/2024
2482,Sprinkle,F,11/7/1984,12/16/2024
2483,Yui,F,6/29/1965,12/21/2024
2488,Kao,F,5/13/1966,12/6/2024
2489,Tao,M,8/16/1967,12/16/2024
2491,Su,F,5/26/1961,12/1/2024
2493,Mai,F,8/5/1996,12/12/2024
2494,Bua,F,7/23/1984,12/19/2024
2495,Gloria,F,6/5/2003,12/7/2024
2498,Nam,F,10/22/1977,12/4/2024
2499,Icey,F,7/25/1971,12/25/2024
2500,Chin,M,10/16/1978,12/9/2024
